position	link_query
96:6:1	كُلّ
96:6:2	إِنّ
96:8:1	إِنّ
96:11:2	إِنّ
96:13:2	إِنّ
96:15:1	كَلَّا
96:19:1	كَلَّا
68:3:1	إِنّ
68:4:1	إِنّ
68:7:1	إِنّ
68:15:3	عَلِيّ
68:34:1	إِنّ
68:38:1	إِنّ
68:38:4	لَمَّا
68:39:4	عَلِيّ
68:39:9	إِنّ
68:39:11	لَمَّا
68:41:6	إِنّ
68:45:3	إِنّ
68:51:1	إِنّ
68:51:7	لَمَّا
68:51:11	إِنّ
73:1:1	أَيُّهَا
73:4:3	عَلِيّ
73:5:1	إِنّ
73:5:3	عَلِيّ
73:6:1	إِنّ
73:7:1	إِنّ
73:12:1	إِنّ
73:12:2	دِين
73:15:1	إِنّ
73:17:3	إِنّ
73:19:1	إِنّ
74:1:1	أَيُّهَا
74:15:1	ثُمّ
74:16:1	كُلّ
74:16:2	إِنّ
74:18:1	إِنّ
74:20:1	ثُمّ
74:21:1	ثُمّ
74:22:1	ثُمّ
74:23:1	ثُمّ
74:24:2	إِنّ
74:25:1	إِنّ
74:30:1	عَلِيّ
74:32:1	كَلَّا
74:35:1	إِنّ
74:47:1	حَتَّىٰ
74:53:1	كَلَّا
74:54:1	كُلّ
74:54:2	إِنّ
1:5:1	إِيَّا
1:5:3	إِيَّا
1:7:4	عَلِيّ
1:7:7	عَلِيّ
81:9:1	أَىّ
81:19:1	إِنّ
81:21:2	ثُمّ
81:27:1	إِنّ
87:7:5	إِنّ
87:9:2	إِنّ
87:13:1	ثُمّ
87:18:1	إِنّ
92:4:1	إِنّ
92:12:1	إِنّ
92:12:2	عَلِيّ
92:13:1	إِنّ
89:13:2	عَلِيّ
89:16:6	عَلِيّ
89:17:1	كَلَّا
89:21:1	كُلّ
89:23:3	جَهَنَّم
89:27:1	أَيَّتُهَا
102:2:1	حَتَّىٰ
102:3:1	كَلَّا
102:4:1	ثُمّ
102:4:2	كَلَّا
102:5:1	كَلَّا
102:7:1	ثُمّ
102:8:1	ثُمّ
109:1:2	أَيُّهَا
109:6:3	وَلِىّ
105:3:2	عَلِيّ
53:8:1	ثُمّ
53:19:3	ٱلْعُزَّىٰ
53:38:1	أَلَآ
53:41:1	ثُمّ
53:47:2	عَلِيّ
53:55:1	أَىّ
80:3:3	لَعَلّ
80:7:2	عَلِيّ
80:7:3	أَلَآ
80:11:1	كُلّ
80:18:2	أَىّ
80:20:1	ثُمّ
80:21:1	ثُمّ
80:22:1	ثُمّ
80:23:1	كَلَّا
80:26:1	ثُمّ
80:40:3	عَلِيّ
97:5:3	حَتَّىٰ
91:14:4	عَلِيّ
85:6:3	عَلِيّ
85:10:6	ثُمّ
85:10:11	جَهَنَّم
95:5:1	ثُمّ
75:6:2	أَيَّان
75:11:1	كَلَّا
75:17:2	عَلِيّ
75:19:1	ثُمّ
75:19:3	عَلِيّ
75:20:1	كَلَّا
75:26:1	كُلّ
75:33:1	ثُمّ
75:35:1	ثُمّ
75:38:1	ثُمّ
104:4:1	كَلَّا
104:8:2	عَلِيّ
77:12:1	أَىّ
77:17:1	ثُمّ
77:50:1	أَىّ
50:14:4	تُبَّع
50:24:3	جَهَنَّم
50:30:3	جَهَنَّم
50:44:8	عَلِيّ
50:45:7	عَلِيّ
90:5:5	عَلِيّ
90:17:1	ثُمّ
90:20:1	عَلِيّ
86:4:4	لَمَّا
86:4:5	عَلِيّ
54:19:3	عَلِيّ
54:25:3	عَلِيّ
54:31:3	عَلِيّ
54:34:3	عَلِيّ
38:8:2	عَلِيّ
38:8:13	لَمَّا
38:23:8	وَلِىّ
38:30:2	لُّدّ
38:30:3	يَمّ
38:31:3	عَلِيّ
38:32:9	حَتَّىٰ
38:34:3	يَمّ
38:34:8	ثُمّ
38:41:3	أَيُّوب
38:56:1	جَهَنَّم
38:78:2	عَلِيّ
38:85:2	جَهَنَّم
38:86:4	عَلِيّ
7:7:2	عَلِيّ
7:11:3	ثُمّ
7:11:5	ثُمّ
7:12:4	أَلَآ
7:17:1	ثُمّ
7:18:10	جَهَنَّم
7:26:18	لَعَلّ
7:28:6	عَلِيّ
7:30:5	عَلِيّ
7:35:15	عَلِيّ
7:37:16	حَتَّىٰ
7:38:19	حَتَّىٰ
7:39:7	عَلِيّ
7:40:15	حَتَّىٰ
7:41:3	جَهَنَّم
7:50:8	عَلِيّ
7:54:11	ثُمّ
7:57:9	حَتَّىٰ
7:57:28	لَعَلّ
7:63:12	لَعَلّ
7:69:26	لَعَلّ
7:84:2	عَلِيّ
7:87:13	حَتَّىٰ
7:94:12	لَعَلّ
7:95:1	ثُمّ
7:95:6	حَتَّىٰ
7:96:8	عَلِيّ
7:101:4	عَلِيّ
7:103:1	ثُمّ
7:124:6	ثُمّ
7:126:13	عَلِيّ
7:130:9	لَعَلّ
7:133:2	عَلِيّ
7:134:3	عَلِيّ
7:153:4	ثُمّ
7:157:11	تَّوْرَىٰة
7:157:22	عَلِيّ
7:157:30	عَلِيّ
7:158:2	أَيُّهَا
7:158:30	لَعَلّ
7:160:27	عَلِيّ
7:160:30	عَلِيّ
7:162:11	عَلِيّ
7:171:18	لَعَلّ
7:174:4	لَعَلّ
7:175:2	عَلِيّ
7:176:16	عَلِيّ
7:176:29	لَعَلّ
7:179:3	جَهَنَّم
7:185:19	أَىّ
7:187:4	أَيَّان
7:190:7	يَمّ
7:195:23	ثُمّ
7:202:5	ثُمّ
7:204:7	لَعَلّ
72:15:4	جَهَنَّم
72:19:9	عَلِيّ
72:23:13	جَهَنَّم
72:24:1	حَتَّىٰ
36:10:2	عَلِيّ
36:17:2	عَلِيّ
36:32:3	لَمَّا
36:39:4	حَتَّىٰ
36:59:3	أَيُّهَا
36:63:2	جَهَنَّم
36:74:6	لَعَلّ
25:4:10	عَلِيّ
25:5:7	عَلِيّ
25:18:16	حَتَّىٰ
25:21:8	عَلِيّ
25:32:6	عَلِيّ
25:34:6	جَهَنَّم
25:37:3	لَمَّا
25:42:9	عَلِيّ
25:43:8	عَلِيّ
25:45:12	ثُمّ
25:45:15	عَلِيّ
25:46:1	ثُمّ
25:57:4	عَلِيّ
25:59:10	ثُمّ
25:65:7	جَهَنَّم
25:73:8	عَلِيّ
35:3:1	أَيُّهَا
35:5:1	أَيُّهَا
35:8:19	عَلِيّ
35:11:5	ثُمّ
35:11:8	ثُمّ
35:12:27	لَعَلّ
35:15:1	أَيُّهَا
35:26:1	ثُمّ
35:32:1	ثُمّ
35:36:5	جَهَنَّم
35:36:8	عَلِيّ
35:39:9	عَلِيّ
19:10:8	أَلَآ
19:15:2	عَلِيّ
19:24:4	أَلَآ
19:25:6	عَلِيّ
19:40:6	عَلِيّ
19:47:3	عَلِيّ
19:68:4	ثُمّ
19:68:7	جَهَنَّم
19:69:1	ثُمّ
19:70:1	ثُمّ
19:72:1	ثُمّ
19:73:3	عَلِيّ
19:73:11	أَىّ
19:75:10	حَتَّىٰ
19:79:1	كَلَّا
19:82:1	كَلَّا
19:82:5	عَلِيّ
19:84:3	عَلِيّ
19:86:4	جَهَنَّم
20:2:3	عَلِيّ
20:18:5	عَلِيّ
20:18:10	وَلِىّ
20:37:3	عَلِيّ
20:39:4	تَّابُوت
20:39:17	عَلِيّ
20:39:19	مَّنِىّ
20:40:30	ثُمّ
20:44:5	لَعَلّ
20:45:7	عَلِيّ
20:50:8	ثُمّ
20:60:5	ثُمّ
20:64:3	ثُمّ
20:73:9	عَلِيّ
20:74:8	جَهَنَّم
20:81:14	عَلِيّ
20:82:8	ثُمّ
20:89:3	أَلَآ
20:91:4	عَلِيّ
20:91:6	حَتَّىٰ
20:93:1	أَلَآ
20:97:21	عَلِيّ
20:97:24	ثُمّ
20:99:3	عَلِيّ
20:113:9	لَعَلّ
20:118:3	أَلَآ
20:122:1	ثُمّ
20:122:5	عَلِيّ
20:123:10	مَّنِىّ
20:132:5	عَلِيّ
56:16:2	عَلِيّ
56:17:2	عَلِيّ
56:51:1	ثُمّ
56:51:3	أَيُّهَا
56:54:2	عَلِيّ
56:95:3	لَهْو
26:1:1	سَمّ
26:3:1	لَعَلّ
26:3:4	أَلَآ
26:4:4	عَلِيّ
26:9:3	لَهْو
26:15:2	كَلَّا
26:40:1	لَعَلّ
26:62:2	كُلّ
26:64:2	ثُمّ
26:66:1	ثُمّ
26:68:3	لَهْو
26:69:2	عَلِيّ
26:81:3	ثُمّ
26:104:3	لَهْو
26:109:3	عَلِيّ
26:120:1	ثُمّ
26:122:3	لَهْو
26:127:3	عَلِيّ
26:129:3	لَعَلّ
26:136:3	عَلِيّ
26:140:3	لَهْو
26:145:3	عَلِيّ
26:159:3	لَهْو
26:164:3	عَلِيّ
26:172:1	ثُمّ
26:173:2	عَلِيّ
26:175:3	لَهْو
26:180:3	عَلِيّ
26:187:2	عَلِيّ
26:191:3	لَهْو
26:199:2	عَلِيّ
26:201:4	حَتَّىٰ
26:206:1	ثُمّ
27:7:15	لَعَلّ
27:11:4	ثُمّ
27:15:4	يَمّ
27:16:2	يَمّ
27:16:5	أَيُّهَا
27:16:16	لَهْو
27:17:2	يَمّ
27:18:1	حَتَّىٰ
27:18:9	أَيُّهَا
27:18:15	يَمّ
27:25:1	أَلَآ
27:28:6	ثُمّ
27:29:2	أَيُّهَا
27:30:3	يَمّ
27:31:1	أَلَآ
27:32:2	أَيُّهَا
27:32:11	حَتَّىٰ
27:36:3	يَمّ
27:38:2	أَيُّهَا
27:39:14	عَلِيّ
27:44:25	يَمّ
27:46:11	لَعَلّ
27:49:6	ثُمّ
27:58:2	عَلِيّ
27:64:4	ثُمّ
27:65:13	أَيَّان
27:70:3	عَلِيّ
27:82:4	عَلِيّ
27:84:1	حَتَّىٰ
27:85:3	عَلِيّ
28:1:1	سَمّ
28:3:2	عَلِيّ
28:6:7	ـَٰٔن
28:7:9	عَلِيّ
28:8:10	ـَٰٔن
28:12:2	عَلِيّ
28:15:29	عَلِيّ
28:23:6	عَلِيّ
28:23:22	حَتَّىٰ
28:24:3	ثُمّ
28:25:18	عَلِيّ
28:27:8	تِّين
28:27:23	عَلِيّ
28:29:26	لَعَلّ
28:38:3	أَيُّهَا
28:38:13	ـَٰٔن
28:43:15	لَعَلّ
28:45:5	عَلِيّ
28:45:14	عَلِيّ
28:46:19	لَعَلّ
28:51:5	لَعَلّ
28:59:6	حَتَّىٰ
28:59:12	عَلِيّ
28:61:12	ثُمّ
28:63:4	عَلِيّ
28:63:17	إِيَّا
28:66:2	عَلِيّ
28:73:12	لَعَلّ
28:76:8	عَلِيّ
28:77:2	يَمّ
28:82:20	عَلِيّ
17:2:8	أَلَآ
17:6:1	ثُمّ
17:6:5	عَلِيّ
17:8:9	جَهَنَّم
17:14:6	عَلِيّ
17:15:10	عَلِيّ
17:15:19	حَتَّىٰ
17:16:11	عَلِيّ
17:18:12	ثُمّ
17:18:15	جَهَنَّم
17:23:3	أَلَآ
17:23:6	إِيَّا
17:31:8	إِيَّا
17:34:9	حَتَّىٰ
17:39:16	جَهَنَّم
17:54:13	عَلِيّ
17:63:7	جَهَنَّم
17:64:7	عَلِيّ
17:65:5	عَلِيّ
17:67:10	إِيَّا
17:68:11	ثُمّ
17:69:16	ثُمّ
17:69:20	عَلِيّ
17:86:7	ثُمّ
17:86:12	عَلِيّ
17:87:8	عَلِيّ
17:90:5	حَتَّىٰ
17:92:6	عَلِيّ
17:93:14	حَتَّىٰ
17:93:16	عَلِيّ
17:95:10	عَلِيّ
17:97:23	جَهَنَّم
17:107:15	عَلِيّ
10:3:11	ثُمّ
10:4:10	ثُمّ
10:14:1	ثُمّ
10:15:3	عَلِيّ
10:20:4	عَلِيّ
10:22:7	حَتَّىٰ
10:23:10	أَيُّهَا
10:23:19	ثُمّ
10:24:17	حَتَّىٰ
10:24:27	عَلِيّ
10:28:4	ثُمّ
10:28:17	إِيَّا
10:34:8	ثُمّ
10:34:14	ثُمّ
10:46:10	ثُمّ
10:51:1	ثُمّ
10:51:7	ـَٰٔن
10:52:1	ثُمّ
10:57:1	أَيُّهَا
10:62:7	عَلِيّ
10:70:4	ثُمّ
10:70:7	ثُمّ
10:71:2	عَلِيّ
10:71:23	ثُمّ
10:71:29	ثُمّ
10:74:1	ثُمّ
10:75:1	ثُمّ
10:78:6	عَلِيّ
10:84:8	عَلِيّ
10:88:26	حَتَّىٰ
10:90:10	حَتَّىٰ
10:91:1	ـَٰٔن
10:93:12	حَتَّىٰ
10:97:5	حَتَّىٰ
10:99:13	حَتَّىٰ
10:103:1	ثُمّ
10:103:8	عَلِيّ
10:104:2	أَيُّهَا
10:108:2	أَيُّهَا
10:108:18	عَلِيّ
10:109:6	حَتَّىٰ
11:1:5	ثُمّ
11:2:1	أَلَآ
11:3:4	ثُمّ
11:9:6	ثُمّ
11:27:24	عَلِيّ
11:29:4	عَلِيّ
11:38:5	عَلِيّ
11:39:8	عَلِيّ
11:40:1	حَتَّىٰ
11:40:6	نُور
11:40:18	عَلِيّ
11:44:13	جَوّ
11:48:7	عَلِيّ
11:48:14	ثُمّ
11:51:4	عَلِيّ
11:52:4	ثُمّ
11:55:5	ثُمّ
11:61:21	ثُمّ
11:82:8	عَلِيّ
11:88:32	عَلِيّ
11:90:3	ثُمّ
11:91:17	عَلِيّ
11:100:6	عَلِيّ
11:101:17	لَمَّا
11:111:3	لَمَّا
11:113:15	ثُمّ
11:119:11	جَهَنَّم
11:120:3	عَلِيّ
11:123:11	عَلِيّ
12:6:10	عَلِيّ
12:25:9	لُّدّ
12:31:16	عَلِيّ
12:35:1	ثُمّ
12:35:10	حَتَّىٰ
12:38:19	عَلِيّ
12:40:21	أَلَآ
12:40:24	إِيَّا
12:43:16	أَيُّهَا
12:46:2	أَيُّهَا
12:46:21	لَعَلّ
12:48:1	ثُمّ
12:49:1	ثُمّ
12:51:14	عَلِيّ
12:51:20	ـَٰٔن
12:58:5	عَلِيّ
12:62:7	لَعَلّ
12:62:13	لَعَلّ
12:64:4	عَلِيّ
12:66:5	حَتَّىٰ
12:67:23	عَلِيّ
12:67:25	عَلِيّ
12:70:9	ثُمّ
12:70:12	أَيَّتُهَا
12:71:3	عَلِيّ
12:76:6	ثُمّ
12:78:2	أَيُّهَا
12:80:27	حَتَّىٰ
12:85:6	حَتَّىٰ
12:88:3	عَلِيّ
12:88:5	أَيُّهَا
12:88:17	عَلِيّ
12:90:13	عَلِيّ
12:91:6	عَلِيّ
12:104:3	عَلِيّ
12:105:8	عَلِيّ
12:110:1	حَتَّىٰ
15:6:2	أَيُّهَا
15:6:5	عَلِيّ
15:14:3	عَلِيّ
15:32:5	أَلَآ
15:35:2	عَلِيّ
15:42:5	عَلِيّ
15:43:2	جَهَنَّم
15:52:3	عَلِيّ
15:57:4	أَيُّهَا
15:74:5	عَلِيّ
15:88:12	عَلِيّ
15:99:3	حَتَّىٰ
6:1:10	ثُمّ
6:2:6	ثُمّ
6:2:12	ثُمّ
6:6:18	عَلِيّ
6:7:3	عَلِيّ
6:8:4	عَلِيّ
6:8:11	ثُمّ
6:9:7	عَلِيّ
6:11:5	ثُمّ
6:19:2	أَىّ
6:22:4	ثُمّ
6:25:21	حَتَّىٰ
6:31:7	حَتَّىٰ
6:34:11	حَتَّىٰ
6:35:4	عَلِيّ
6:36:8	ثُمّ
6:37:4	عَلِيّ
6:38:19	ثُمّ
6:41:2	إِيَّا
6:42:10	لَعَلّ
6:44:7	عَلِيّ
6:44:11	حَتَّىٰ
6:46:21	ثُمّ
6:48:12	عَلِيّ
6:51:16	لَعَلّ
6:52:11	عَلِيّ
6:52:19	عَلِيّ
6:53:9	عَلِيّ
6:54:20	ثُمّ
6:60:9	ثُمّ
6:60:15	ثُمّ
6:60:18	ثُمّ
6:61:8	حَتَّىٰ
6:62:1	ثُمّ
6:64:8	ثُمّ
6:65:26	لَعَلّ
6:68:9	حَتَّىٰ
6:69:11	لَعَلّ
6:76:3	عَلِيّ
6:81:16	أَىّ
6:84:14	يَمّ
6:84:15	أَيُّوب
6:85:1	زَكَرِيَّا
6:90:10	عَلِيّ
6:104:11	عَلِيّ
6:107:8	عَلِيّ
6:107:12	عَلِيّ
6:108:18	ثُمّ
6:111:9	عَلِيّ
6:118:6	عَلِيّ
6:119:3	أَلَآ
6:119:9	عَلِيّ
6:121:8	عَلِيّ
6:124:7	حَتَّىٰ
6:137:11	عَلِيّ
6:138:20	عَلِيّ
6:138:22	عَلِيّ
6:143:16	عَلِيّ
6:144:14	عَلِيّ
6:146:12	عَلِيّ
6:148:20	حَتَّىٰ
6:154:1	ثُمّ
6:154:14	لَعَلّ
6:155:7	لَعَلّ
6:157:6	عَلِيّ
6:159:15	ثُمّ
6:164:15	عَلِيّ
6:164:21	ثُمّ
37:31:2	عَلِيّ
37:45:2	عَلِيّ
37:60:3	لَهْو
37:67:1	ثُمّ
37:67:4	عَلِيّ
37:68:1	ثُمّ
37:78:2	عَلِيّ
37:82:1	ثُمّ
37:93:2	عَلِيّ
37:106:3	لَهْو
37:108:2	عَلِيّ
37:113:2	عَلِيّ
37:129:2	عَلِيّ
37:136:1	ثُمّ
37:137:3	عَلِيّ
37:146:2	عَلِيّ
37:162:3	عَلِيّ
37:174:3	حَتَّىٰ
37:178:3	حَتَّىٰ
31:7:3	عَلِيّ
31:12:3	ـَٰٔن
31:13:3	ـَٰٔن
31:15:23	ثُمّ
31:21:13	عَلِيّ
31:24:3	ثُمّ
31:33:1	أَيُّهَا
31:34:21	أَىّ
34:9:19	عَلِيّ
34:12:1	يَمّ
34:14:3	عَلِيّ
34:16:3	عَلِيّ
34:20:3	عَلِيّ
34:21:4	عَلِيّ
34:23:9	حَتَّىٰ
34:24:11	إِيَّا
34:25:4	عَمّ
34:26:5	ثُمّ
34:27:7	كَلَّا
34:40:4	ثُمّ
34:40:8	إِيَّا
34:43:3	عَلِيّ
34:46:10	ثُمّ
39:6:5	ثُمّ
39:7:20	ثُمّ
39:8:9	ثُمّ
39:19:3	عَلِيّ
39:21:13	ثُمّ
39:21:19	ثُمّ
39:21:23	ثُمّ
39:23:14	ثُمّ
39:27:10	لَعَلّ
39:28:6	لَعَلّ
39:31:1	ثُمّ
39:32:13	جَهَنَّم
39:38:34	عَلِيّ
39:40:6	عَلِيّ
39:41:3	عَلِيّ
39:41:14	عَلِيّ
39:41:17	عَلِيّ
39:42:14	عَلِيّ
39:44:9	ثُمّ
39:49:6	ثُمّ
39:54:11	ثُمّ
39:60:12	جَهَنَّم
39:64:6	أَيُّهَا
39:68:15	ثُمّ
39:71:5	جَهَنَّم
39:71:7	حَتَّىٰ
39:72:4	جَهَنَّم
39:73:8	حَتَّىٰ
40:24:3	ـَٰٔن
40:28:23	عَلِيّ
40:34:14	حَتَّىٰ
40:36:3	ـَٰٔن
40:46:3	عَلِيّ
40:49:6	جَهَنَّم
40:60:12	جَهَنَّم
40:67:6	ثُمّ
40:67:9	ثُمّ
40:67:12	ثُمّ
40:67:15	ثُمّ
40:67:18	ثُمّ
40:67:29	لَعَلّ
40:72:3	ثُمّ
40:73:1	ثُمّ
40:76:3	جَهَنَّم
40:78:9	عَلِيّ
40:78:14	عَلِيّ
40:80:5	عَلِيّ
40:80:9	عَلِيّ
40:81:3	أَىّ
41:11:1	ثُمّ
41:14:9	أَلَآ
41:16:2	عَلِيّ
41:20:1	حَتَّىٰ
41:20:6	عَلِيّ
41:21:5	عَلِيّ
41:25:12	عَلِيّ
41:26:10	لَعَلّ
41:30:6	ثُمّ
41:30:9	عَلِيّ
41:30:11	أَلَآ
41:37:18	إِيَّا
41:39:9	عَلِيّ
41:40:8	عَلِيّ
41:44:24	عَلِيّ
41:46:7	عَلِيّ
41:52:8	ثُمّ
41:53:7	حَتَّىٰ
42:6:8	عَلِيّ
42:6:11	عَلِيّ
42:10:12	عَلِيّ
42:16:14	عَلِيّ
42:17:9	لَعَلّ
42:41:7	عَلِيّ
42:45:3	عَلِيّ
42:48:5	عَلِيّ
42:48:8	عَلِيّ
43:3:5	لَعَلّ
43:10:10	لَعَلّ
43:13:4	ثُمّ
43:13:10	عَلِيّ
43:24:7	عَلِيّ
43:28:6	لَعَلّ
43:29:5	حَتَّىٰ
43:33:16	عَلِيّ
43:34:4	عَلِيّ
43:38:1	حَتَّىٰ
43:42:6	عَلِيّ
43:48:12	لَعَلّ
43:53:3	عَلِيّ
43:59:6	عَلِيّ
43:71:2	عَلِيّ
43:74:5	جَهَنَّم
43:77:4	عَلِيّ
43:83:4	حَتَّىٰ
44:14:1	ثُمّ
44:29:3	عَلِيّ
44:37:5	تُبَّع
44:48:1	ثُمّ
44:58:4	لَعَلّ
45:6:5	عَلِيّ
45:6:7	أَىّ
45:8:5	عَلِيّ
45:8:6	ثُمّ
45:10:3	جَهَنَّم
45:12:13	لَعَلّ
45:15:7	عَلِيّ
45:15:8	ثُمّ
45:18:1	ثُمّ
45:25:3	عَلِيّ
45:26:4	ثُمّ
45:26:6	ثُمّ
46:3:13	عَمّ
46:7:3	عَلِيّ
46:13:6	ثُمّ
46:13:10	عَلِيّ
46:18:4	عَلِيّ
46:21:16	أَلَآ
46:26:3	يَمّ
46:27:9	لَعَلّ
51:12:2	أَيَّان
51:25:3	عَلِيّ
51:31:4	أَيُّهَا
51:33:2	عَلِيّ
51:41:5	عَلِيّ
51:42:6	عَلِيّ
51:43:7	حَتَّىٰ
51:49:6	لَعَلّ
88:22:2	عَلِيّ
88:26:1	ثُمّ
88:26:3	عَلِيّ
18:6:1	لَعَلّ
18:8:4	عَلِيّ
18:12:1	ثُمّ
18:12:4	أَىّ
18:13:3	عَلِيّ
18:15:9	عَلِيّ
18:18:16	عَلِيّ
18:21:3	عَلِيّ
18:21:20	عَلِيّ
18:21:31	عَلِيّ
18:37:11	ثُمّ
18:37:14	ثُمّ
18:40:9	عَلِيّ
18:60:7	حَتَّىٰ
18:70:8	حَتَّىٰ
18:71:2	حَتَّىٰ
18:74:2	حَتَّىٰ
18:77:2	حَتَّىٰ
18:77:23	عَلِيّ
18:78:11	عَلِيّ
18:82:34	عَلِيّ
18:102:12	جَهَنَّم
18:106:3	جَهَنَّم
16:14:20	لَعَلّ
16:15:10	لَعَلّ
16:21:6	أَيَّان
16:26:12	عَلِيّ
16:27:1	ثُمّ
16:29:3	جَهَنَّم
16:36:19	عَلِيّ
16:38:12	عَلِيّ
16:44:11	لَعَلّ
16:53:7	ثُمّ
16:54:1	ثُمّ
16:61:8	عَلِيّ
16:64:3	عَلِيّ
16:69:1	ثُمّ
16:70:3	ثُمّ
16:78:14	لَعَلّ
16:81:24	لَعَلّ
16:82:4	عَلِيّ
16:83:4	ثُمّ
16:84:7	ثُمّ
16:89:7	عَلِيّ
16:89:16	عَلِيّ
16:90:15	لَعَلّ
16:106:18	عَلِيّ
16:110:1	ثُمّ
16:110:10	ثُمّ
16:114:12	إِيَّا
16:118:7	عَلِيّ
16:119:1	ثُمّ
16:119:8	ثُمّ
16:123:1	ثُمّ
71:8:1	ثُمّ
71:9:1	ثُمّ
71:18:1	ثُمّ
14:12:3	أَلَآ
14:16:3	جَهَنَّم
14:21:27	عَلِيّ
14:25:11	لَعَلّ
14:37:25	لَعَلّ
21:6:7	أُفّ
21:9:1	ثُمّ
21:13:9	لَعَلّ
21:15:5	حَتَّىٰ
21:29:10	جَهَنَّم
21:31:12	لَعَلّ
21:34:7	أُفّ
21:44:5	حَتَّىٰ
21:44:7	عَلِيّ
21:44:17	أُفّ
21:58:6	لَعَلّ
21:61:7	لَعَلّ
21:65:1	ثُمّ
21:78:1	وَدّ
21:78:2	يَمّ
21:79:2	يَمّ
21:81:1	يَمّ
21:83:1	أَيُّوب
21:87:10	عَلِيّ
21:96:1	حَتَّىٰ
21:98:8	جَهَنَّم
21:104:13	عَلِيّ
21:111:3	لَعَلّ
23:13:1	ثُمّ
23:14:1	ثُمّ
23:14:14	ثُمّ
23:15:1	ثُمّ
23:16:1	ثُمّ
23:22:1	عَلِيّ
23:25:9	حَتَّىٰ
23:27:12	نُور
23:27:23	عَلِيّ
23:31:1	ثُمّ
23:42:1	ثُمّ
23:44:1	ثُمّ
23:45:1	ثُمّ
23:49:5	لَعَلّ
23:51:1	أَيُّهَا
23:54:4	حَتَّىٰ
23:64:1	حَتَّىٰ
23:77:1	حَتَّىٰ
23:77:4	عَلِيّ
23:88:11	عَلِيّ
23:99:1	حَتَّىٰ
23:100:6	كُلّ
23:103:9	جَهَنَّم
23:106:4	عَلِيّ
23:110:3	حَتَّىٰ
32:3:17	لَعَلّ
32:4:11	ثُمّ
32:5:7	ثُمّ
32:8:1	ثُمّ
32:9:1	ثُمّ
32:11:8	ثُمّ
32:13:12	جَهَنَّم
32:21:8	لَعَلّ
32:22:7	ثُمّ
52:13:5	جَهَنَّم
52:24:2	عَلِيّ
52:27:3	عَلِيّ
52:45:2	حَتَّىٰ
67:4:1	ثُمّ
67:6:5	جَهَنَّم
67:29:6	عَلِيّ
69:7:2	عَلِيّ
69:31:1	ثُمّ
69:32:1	ثُمّ
69:44:3	عَلِيّ
69:46:1	ثُمّ
70:14:5	ثُمّ
70:15:1	كُلّ
70:39:1	كُلّ
70:42:4	حَتَّىٰ
78:1:1	عَمّ
78:4:1	كَلَّا
78:5:1	ثُمّ
78:5:2	كَلَّا
78:21:2	جَهَنَّم
79:22:1	ثُمّ
79:42:4	أَيَّان
79:43:1	يَمّ
82:6:1	أَيُّهَا
82:8:2	أَىّ
82:9:1	كَلَّا
82:18:1	ثُمّ
84:6:1	أَيُّهَا
84:21:3	عَلِيّ
30:2:2	رُّوم
30:10:1	ثُمّ
30:11:4	ثُمّ
30:11:6	ثُمّ
30:20:7	ثُمّ
30:25:8	ثُمّ
30:27:5	ثُمّ
30:27:9	عَلِيّ
30:30:10	عَلِيّ
30:33:9	ثُمّ
30:35:3	عَلِيّ
30:40:4	ثُمّ
30:40:6	ثُمّ
30:40:8	ثُمّ
30:41:14	لَعَلّ
30:44:3	عَلِيّ
30:46:16	لَعَلّ
30:47:16	عَلِيّ
30:49:7	عَلِيّ
30:54:6	ثُمّ
30:54:12	ثُمّ
29:19:7	ثُمّ
29:20:9	ثُمّ
29:25:13	ثُمّ
29:39:3	ـَٰٔن
29:40:7	عَلِيّ
29:50:4	عَلِيّ
29:51:5	عَلِيّ
29:51:8	عَلِيّ
29:54:4	جَهَنَّم
29:57:5	ثُمّ
29:60:9	إِيَّا
29:68:15	جَهَنَّم
83:7:1	كُلّ
83:13:3	عَلِيّ
83:14:1	كَلَّا
83:15:1	كُلّ
83:16:1	ثُمّ
83:17:1	ثُمّ
83:18:1	كُلّ
83:33:3	عَلِيّ
28:85:4	عَلِيّ
8:31:3	عَلِيّ
8:32:12	عَلِيّ
8:34:3	أَلَآ
8:36:11	ثُمّ
8:36:13	عَلِيّ
8:36:15	ثُمّ
8:36:20	جَهَنَّم
9:128:7	عَلِيّ
9:129:10	عَلِيّ
68:19:2	عَلِيّ
7:164:18	لَعَلّ
7:167:5	عَلِيّ
7:168:13	لَعَلّ
7:169:21	عَلِيّ
36:45:10	لَعَلّ
19:58:5	عَلِيّ
19:58:24	عَلِيّ
20:130:19	لَعَلّ
26:227:17	أَىّ
28:53:3	عَلِيّ
17:73:9	عَلِيّ
17:75:7	ثُمّ
17:75:11	عَلِيّ
10:96:4	عَلِيّ
11:12:1	لَعَلّ
11:12:14	عَلِيّ
12:2:5	لَعَلّ
12:3:3	عَلِيّ
6:23:1	ثُمّ
6:91:40	ثُمّ
6:151:8	أَلَآ
6:151:21	إِيَّا
6:151:41	لَعَلّ
6:152:9	حَتَّىٰ
6:152:34	لَعَلّ
6:153:16	لَعَلّ
42:23:13	عَلِيّ
46:15:14	حَتَّىٰ
18:86:1	حَتَّىٰ
18:87:7	ثُمّ
18:89:1	ثُمّ
18:90:1	حَتَّىٰ
18:92:1	ثُمّ
18:93:1	حَتَّىٰ
18:96:4	حَتَّىٰ
18:96:11	حَتَّىٰ
18:96:18	عَلِيّ
18:100:2	جَهَنَّم
16:126:10	لَهْو
16:127:8	عَلِيّ
14:29:1	جَهَنَّم
22:52:21	ثُمّ
22:55:8	حَتَّىٰ
2:6:5	عَلِيّ
2:20:12	عَلِيّ
2:21:1	أَيُّهَا
2:21:10	لَعَلّ
2:28:7	ثُمّ
2:28:9	ثُمّ
2:28:11	ثُمّ
2:29:9	ثُمّ
2:31:5	ثُمّ
2:37:7	عَلِيّ
2:38:7	مَّنِىّ
2:38:14	عَلِيّ
2:51:6	ثُمّ
2:52:1	ثُمّ
2:52:7	لَعَلّ
2:53:6	لَعَلّ
2:55:7	حَتَّىٰ
2:56:1	ثُمّ
2:56:6	لَعَلّ
2:61:38	عَلِيّ
2:62:21	عَلِيّ
2:63:14	لَعَلّ
2:64:1	ثُمّ
2:70:12	عَلِيّ
2:71:18	ـَٰٔن
2:73:10	لَعَلّ
2:74:1	ثُمّ
2:75:12	ثُمّ
2:79:6	ثُمّ
2:83:23	ثُمّ
2:84:12	ثُمّ
2:85:1	ثُمّ
2:85:12	عَلِيّ
2:91:12	عَلِيّ
2:92:5	ثُمّ
2:102:7	يَمّ
2:102:10	يَمّ
2:102:28	حَتَّىٰ
2:104:1	أَيُّهَا
2:109:24	حَتَّىٰ
2:112:14	عَلِيّ
2:115:6	ثُمّ
2:120:7	حَتَّىٰ
2:126:24	ثُمّ
2:128:13	عَلِيّ
2:129:7	عَلِيّ
2:142:11	عَلِيّ
2:143:18	عَلِيّ
2:150:30	لَعَلّ
2:153:1	أَيُّهَا
2:157:2	عَلِيّ
2:158:14	عَلِيّ
2:160:8	عَلِيّ
2:161:8	عَلِيّ
2:167:18	عَلِيّ
2:168:1	أَيُّهَا
2:170:13	عَلِيّ
2:172:1	أَيُّهَا
2:172:13	إِيَّا
2:173:21	عَلِيّ
2:178:1	أَيُّهَا
2:179:7	لَعَلّ
2:182:12	عَلِيّ
2:183:1	أَيُّهَا
2:183:13	لَعَلّ
2:185:43	لَعَلّ
2:186:16	لَعَلّ
2:187:24	ـَٰٔن
2:187:33	حَتَّىٰ
2:187:43	ثُمّ
2:187:64	لَعَلّ
2:189:26	لَعَلّ
2:191:17	حَتَّىٰ
2:193:2	حَتَّىٰ
2:194:11	عَلِيّ
2:196:14	حَتَّىٰ
2:198:12	عُرْف
2:199:1	ثُمّ
2:203:12	عَلِيّ
2:203:17	عَلِيّ
2:206:10	جَهَنَّم
2:208:1	أَيُّهَا
2:214:17	حَتَّىٰ
2:217:32	حَتَّىٰ
2:219:25	لَعَلّ
2:221:4	حَتَّىٰ
2:221:16	حَتَّىٰ
2:221:38	لَعَلّ
2:222:13	حَتَّىٰ
2:228:33	عَلِيّ
2:228:36	عَلِيّ
2:229:19	أَلَآ
2:229:25	أَلَآ
2:230:8	حَتَّىٰ
2:230:16	عَلِيّ
2:235:31	حَتَّىٰ
2:242:6	لَعَلّ
2:243:16	ثُمّ
2:246:29	أَلَآ
2:246:34	أَلَآ
2:246:46	عَلِيّ
2:247:16	عَلِيّ
2:248:9	تَّابُوت
2:250:8	عَلِيّ
2:252:5	عَلِيّ
2:254:1	أَيُّهَا
2:259:21	ثُمّ
2:259:54	ثُمّ
2:260:24	ثُمّ
2:260:31	ثُمّ
2:262:7	ثُمّ
2:262:21	عَلِيّ
2:264:1	أَيُّهَا
2:264:22	عَلِيّ
2:266:34	لَعَلّ
2:267:1	أَيُّهَا
2:272:2	عَلِيّ
2:274:14	عَلِيّ
2:277:16	عَلِيّ
2:278:1	أَيُّهَا
2:282:1	أَيُّهَا
2:282:26	عَلِيّ
2:282:38	عَلِيّ
2:282:94	أَلَآ
2:282:106	أَلَآ
2:286:10	عَلِيّ
2:286:23	عَلِيّ
8:2:11	عَلِيّ
8:6:6	تِبْيَٰن
8:15:1	أَيُّهَا
8:16:18	جَهَنَّم
8:20:1	أَيُّهَا
8:24:1	أَيُّهَا
8:26:18	لَعَلّ
8:27:1	أَيُّهَا
8:29:1	أَيُّهَا
8:37:15	جَهَنَّم
8:39:2	حَتَّىٰ
8:45:1	أَيُّهَا
8:45:11	لَعَلّ
8:53:11	حَتَّىٰ
8:56:4	ثُمّ
8:57:9	لَعَلّ
8:64:1	أَيُّهَا
8:65:1	أَيُّهَا
8:66:1	ـَٰٔن
8:67:8	حَتَّىٰ
8:68:7	يَمّ
8:70:1	أَيُّهَا
8:72:28	حَتَّىٰ
3:3:2	عَلِيّ
3:3:10	تَّوْرَىٰة
3:5:5	عَلِيّ
3:7:4	عَلِيّ
3:12:7	جَهَنَّم
3:20:22	عَلِيّ
3:23:15	ثُمّ
3:37:9	زَكَرِيَّا
3:37:12	عَلِيّ
3:37:13	زَكَرِيَّا
3:38:3	زَكَرِيَّا
3:41:8	أَلَآ
3:48:4	تَّوْرَىٰة
3:50:6	تَّوْرَىٰة
3:55:22	ثُمّ
3:58:3	عَلِيّ
3:59:11	ثُمّ
3:61:19	ثُمّ
3:62:3	لَهْو
3:62:13	لَهْو
3:64:10	أَلَآ
3:65:9	تَّوْرَىٰة
3:72:16	لَعَلّ
3:75:21	عَلِيّ
3:75:27	عَلِيّ
3:79:10	ثُمّ
3:81:11	ثُمّ
3:84:6	عَلِيّ
3:87:4	عَلِيّ
3:90:6	ثُمّ
3:92:4	حَتَّىٰ
3:93:17	تَّوْرَىٰة
3:93:20	تَّوْرَىٰة
3:96:7	بَكَّة
3:100:1	أَيُّهَا
3:102:1	أَيُّهَا
3:103:33	لَعَلّ
3:108:5	عَلِيّ
3:111:9	ثُمّ
3:112:2	عَلِيّ
3:112:19	عَلِيّ
3:118:1	أَيُّهَا
3:123:9	لَعَلّ
3:128:8	عَلِيّ
3:130:1	أَيُّهَا
3:130:11	لَعَلّ
3:132:4	لَعَلّ
3:144:2	مُحَمَّد
3:144:10	أُفّ
3:149:1	أَيُّهَا
3:152:8	حَتَّىٰ
3:152:29	ثُمّ
3:154:1	ثُمّ
3:154:59	عَلِيّ
3:156:1	أَيُّهَا
3:161:13	ثُمّ
3:162:11	جَهَنَّم
3:164:13	عَلِيّ
3:170:14	أَلَآ
3:170:16	عَلِيّ
3:176:14	أَلَآ
3:179:9	عَلِيّ
3:179:10	حَتَّىٰ
3:183:7	أَلَآ
3:183:10	حَتَّىٰ
3:197:3	ثُمّ
3:197:5	جَهَنَّم
3:200:1	أَيُّهَا
3:200:9	لَعَلّ
33:1:1	أَيُّهَا
33:5:18	يَمّ
33:9:1	أَيُّهَا
33:9:12	عَلِيّ
33:14:3	عَلِيّ
33:14:6	ثُمّ
33:19:13	عَلِيّ
33:23:8	عَلِيّ
33:24:11	عَلِيّ
33:28:1	أَيُّهَا
33:37:6	عَلِيّ
33:37:8	عَلِيّ
33:37:10	عَلِيّ
33:40:3	مُحَمَّد
33:41:1	أَيُّهَا
33:45:1	أَيُّهَا
33:49:1	أَيُّهَا
33:49:7	ثُمّ
33:49:15	عَلِيّ
33:50:1	أَيُّهَا
33:50:16	عَلِيّ
33:50:48	عَلِيّ
33:50:56	عَلِيّ
33:51:15	عَلِيّ
33:53:1	أَيُّهَا
33:55:3	عَلِيّ
33:56:7	أَيُّهَا
33:56:11	عَلِيّ
33:59:1	أَيُّهَا
33:59:9	عَلِيّ
33:60:14	ثُمّ
33:63:12	لَعَلّ
33:69:1	أَيُّهَا
33:70:1	أَيُّهَا
60:1:1	أَيُّهَا
60:1:20	إِيَّا
60:4:29	حَتَّىٰ
60:4:47	عَلِيّ
60:10:1	أَيُّهَا
60:12:1	أَيُّهَا
60:13:1	أَيُّهَا
60:13:9	عَلِيّ
4:1:1	أَيُّهَا
4:3:3	أَلَآ
4:3:18	أَلَآ
4:3:27	أَلَآ
4:6:3	حَتَّىٰ
4:6:34	عَلِيّ
4:9:10	عَلِيّ
4:15:7	عَلِيّ
4:15:15	حَتَّىٰ
4:17:9	ثُمّ
4:17:16	عَلِيّ
4:18:6	حَتَّىٰ
4:18:14	ـَٰٔن
4:19:1	أَيُّهَا
4:25:40	عَلِيّ
4:29:1	أَيُّهَا
4:34:34	عَلِيّ
4:39:2	عَلِيّ
4:43:1	أَيُّهَا
4:43:9	حَتَّىٰ
4:43:18	حَتَّىٰ
4:47:1	أَيُّهَا
4:55:10	جَهَنَّم
4:59:1	أَيُّهَا
4:62:8	ثُمّ
4:65:5	حَتَّىٰ
4:65:10	ثُمّ
4:66:4	عَلِيّ
4:69:10	عَلِيّ
4:71:1	أَيُّهَا
4:77:15	عَلِيّ
4:77:31	عَلِيّ
4:80:11	عَلِيّ
4:89:12	حَتَّىٰ
4:90:35	عَلِيّ
4:91:30	عَلِيّ
4:93:6	جَهَنَّم
4:93:11	عَلِيّ
4:94:1	أَيُّهَا
4:97:8	يَمّ
4:97:25	جَهَنَّم
4:100:20	ثُمّ
4:109:17	عَلِيّ
4:110:7	ثُمّ
4:112:6	ثُمّ
4:113:4	عَلِيّ
4:113:21	عَلِيّ
4:113:32	عَلِيّ
4:115:18	جَهَنَّم
4:121:3	جَهَنَّم
4:128:11	عَلِيّ
4:131:15	إِيَّا
4:133:4	أَيُّهَا
4:135:1	أَيُّهَا
4:136:1	أَيُّهَا
4:137:4	ثُمّ
4:137:6	ثُمّ
4:137:8	ثُمّ
4:137:10	ثُمّ
4:140:18	حَتَّىٰ
4:140:32	جَهَنَّم
4:144:1	أَيُّهَا
4:153:6	عَلِيّ
4:153:23	ثُمّ
4:155:17	عَلِيّ
4:159:13	عَلِيّ
4:160:6	عَلِيّ
4:163:19	أَيُّوب
4:163:22	يَمّ
4:164:4	عَلِيّ
4:164:10	عَلِيّ
4:169:3	جَهَنَّم
4:170:1	أَيُّهَا
4:174:1	أَيُّهَا
57:4:9	ثُمّ
57:10:3	أَلَآ
57:14:14	حَتَّىٰ
57:16:22	عَلِيّ
57:17:12	لَعَلّ
57:20:19	ثُمّ
57:20:23	ثُمّ
57:27:1	ثُمّ
57:27:23	عَلِيّ
57:28:1	أَيُّهَا
57:29:5	أَلَآ
47:2:9	مُحَمَّد
47:4:7	حَتَّىٰ
47:4:17	حَتَّىٰ
47:7:1	أَيُّهَا
47:10:14	عَلِيّ
47:16:5	حَتَّىٰ
47:20:23	عَلِيّ
47:31:2	حَتَّىٰ
47:33:1	أَيُّهَا
47:34:8	ثُمّ
47:38:26	ثُمّ
13:2:8	ثُمّ
13:2:23	لَعَلّ
13:7:6	عَلِيّ
13:11:18	حَتَّىٰ
13:16:37	عَلِيّ
13:17:14	عَلِيّ
13:18:25	جَهَنَّم
13:23:12	عَلِيّ
13:27:6	عَلِيّ
13:30:11	عَلِيّ
13:30:25	عَلِيّ
13:31:43	حَتَّىٰ
13:32:9	ثُمّ
13:37:16	ٱللَّه
13:37:18	وَلِىّ
13:40:10	عَلِيّ
13:40:12	عَلِيّ
55:8:1	أَلَآ
55:13:1	أَىّ
55:16:1	أَىّ
55:18:1	أَىّ
55:21:1	أَىّ
55:23:1	أَىّ
55:25:1	أَىّ
55:26:3	عَلِيّ
55:28:1	أَىّ
55:30:1	أَىّ
55:32:1	أَىّ
55:34:1	أَىّ
55:36:1	أَىّ
55:38:1	أَىّ
55:40:1	أَىّ
55:42:1	أَىّ
55:43:2	جَهَنَّم
55:45:1	أَىّ
55:47:1	أَىّ
55:49:1	أَىّ
55:51:1	أَىّ
55:53:1	أَىّ
55:55:1	أَىّ
55:57:1	أَىّ
55:59:1	أَىّ
55:61:1	أَىّ
55:63:1	أَىّ
55:65:1	أَىّ
55:67:1	أَىّ
55:69:1	أَىّ
55:71:1	أَىّ
55:73:1	أَىّ
55:75:1	أَىّ
55:77:1	أَىّ
76:14:2	عَلِيّ
76:15:2	عَلِيّ
76:19:2	عَلِيّ
76:20:3	ثُمّ
76:23:4	عَلِيّ
65:1:1	أَيُّهَا
65:1:36	لَعَلّ
65:6:10	عَلِيّ
65:6:16	عَلِيّ
65:6:17	حَتَّىٰ
65:7:8	عَلِيّ
98:1:10	حَتَّىٰ
98:6:10	جَهَنَّم
59:3:5	عَلِيّ
59:6:9	عَلِيّ
59:12:14	ثُمّ
59:18:1	أَيُّهَا
59:21:17	لَعَلّ
24:1:8	لَعَلّ
24:4:4	ثُمّ
24:7:5	عَلِيّ
24:9:5	عَلِيّ
24:13:3	عَلِيّ
24:21:1	أَيُّهَا
24:24:3	عَلِيّ
24:27:1	أَيُّهَا
24:27:9	حَتَّىٰ
24:27:17	لَعَلّ
24:28:8	حَتَّىٰ
24:31:77	لَعَلّ
24:33:6	حَتَّىٰ
24:39:9	حَتَّىٰ
24:43:7	ثُمّ
24:43:10	ثُمّ
24:47:6	ثُمّ
24:50:11	عَلِيّ
24:54:9	عَلِيّ
24:56:7	لَعَلّ
24:58:1	أَيُّهَا
24:58:34	عَلِيّ
24:60:9	عَلِيّ
24:61:75	لَعَلّ
24:62:15	حَتَّىٰ
24:64:12	عَلِيّ
22:1:1	أَيُّهَا
22:2:6	عَمّ
22:4:2	عَلِيّ
22:5:1	أَيُّهَا
22:5:13	ثُمّ
22:5:16	ثُمّ
22:5:19	ثُمّ
22:5:35	ثُمّ
22:5:38	ثُمّ
22:5:61	عَلِيّ
22:15:15	ثُمّ
22:18:24	عَلِيّ
22:29:1	ثُمّ
22:33:7	ثُمّ
22:36:13	عَلِيّ
22:36:26	لَعَلّ
22:44:7	ثُمّ
22:48:8	ثُمّ
22:49:2	أَيُّهَا
22:58:6	ثُمّ
22:58:16	لَهْو
22:60:8	ثُمّ
22:60:10	عَلِيّ
22:64:10	لَهْو
22:66:4	ثُمّ
22:66:6	ثُمّ
22:72:3	عَلِيّ
22:72:16	عَلِيّ
22:73:1	أَيُّهَا
22:77:1	أَيُّهَا
22:77:10	لَعَلّ
63:3:4	ثُمّ
63:4:15	عَلِيّ
63:6:2	عَلِيّ
63:7:11	حَتَّىٰ
63:9:1	أَيُّهَا
58:3:5	ثُمّ
58:7:37	ثُمّ
58:8:8	ثُمّ
58:8:35	جَهَنَّم
58:9:1	أَيُّهَا
58:11:1	أَيُّهَا
58:12:1	أَيُّهَا
58:14:9	عَلِيّ
58:19:2	عَلِيّ
49:1:1	أَيُّهَا
49:2:1	أَيُّهَا
49:5:4	حَتَّىٰ
49:6:1	أَيُّهَا
49:9:16	حَتَّىٰ
49:10:9	لَعَلّ
49:11:1	أَيُّهَا
49:12:1	أَيُّهَا
49:13:1	أَيُّهَا
49:15:7	ثُمّ
49:17:2	عَلِيّ
66:1:1	أَيُّهَا
66:3:13	عَلِيّ
66:4:10	عَلِيّ
66:6:1	أَيُّهَا
66:6:11	عَلِيّ
66:7:1	أَيُّهَا
66:8:1	أَيُّهَا
66:9:1	أَيُّهَا
66:9:7	عَلِيّ
66:9:9	جَهَنَّم
64:7:11	ثُمّ
64:14:1	أَيُّهَا
61:2:1	أَيُّهَا
61:6:17	تَّوْرَىٰة
61:10:1	أَيُّهَا
61:14:1	أَيُّهَا
62:2:9	عَلِيّ
62:5:4	تَّوْرَىٰة
62:5:5	ثُمّ
62:6:2	أَيُّهَا
62:8:9	ثُمّ
62:9:1	أَيُّهَا
62:10:14	لَعَلّ
48:2:12	عَلِيّ
48:6:10	عَلِيّ
48:6:15	عَلِيّ
48:6:19	جَهَنَّم
48:10:21	عَلِيّ
48:18:16	عَلِيّ
48:21:4	عَلِيّ
48:22:7	ثُمّ
48:24:9	مَكَّة
48:24:14	عَلِيّ
48:29:1	مُحَمَّد
48:29:28	تَّوْرَىٰة
5:1:1	أَيُّهَا
5:2:1	أَيُّهَا
5:4:25	عَلِيّ
5:6:1	أَيُّهَا
5:6:60	لَعَلّ
5:8:1	أَيُّهَا
5:8:14	أَلَآ
5:11:1	أَيُّهَا
5:22:10	حَتَّىٰ
5:23:10	عَلِيّ
5:26:4	عَلِيّ
5:27:2	عَلِيّ
5:32:32	ثُمّ
5:34:8	عَلِيّ
5:35:1	أَيُّهَا
5:35:12	لَعَلّ
5:39:10	عَلِيّ
5:41:1	أَيُّهَا
5:43:4	تَّوْرَىٰة
5:43:8	ثُمّ
5:44:3	تَّوْرَىٰة
5:44:22	عَلِيّ
5:45:2	عَلِيّ
5:46:12	تَّوْرَىٰة
5:46:23	تَّوْرَىٰة
5:48:12	عَلِيّ
5:51:1	أَيُّهَا
5:54:1	أَيُّهَا
5:57:1	أَيُّهَا
5:60:14	عَلِيّ
5:66:4	تَّوْرَىٰة
5:67:1	أَيُّهَا
5:68:7	حَتَّىٰ
5:68:9	تَّوْرَىٰة
5:69:17	عَلِيّ
5:71:2	أَلَآ
5:71:7	ثُمّ
5:71:10	عَلِيّ
5:71:11	ثُمّ
5:72:26	عَلِيّ
5:75:22	ثُمّ
5:80:15	عَلِيّ
5:87:1	أَيُّهَا
5:89:44	لَعَلّ
5:90:1	أَيُّهَا
5:90:14	لَعَلّ
5:93:16	ثُمّ
5:93:19	ثُمّ
5:94:1	أَيُّهَا
5:95:1	أَيُّهَا
5:100:14	لَعَلّ
5:101:1	أَيُّهَا
5:102:6	ثُمّ
5:104:15	عَلِيّ
5:105:1	أَيُّهَا
5:106:1	أَيُّهَا
5:107:13	عَلِيّ
5:110:9	عَلِيّ
5:110:25	تَّوْرَىٰة
5:112:12	عَلِيّ
5:113:13	عَلِيّ
5:114:8	عَلِيّ
5:117:14	عَلِيّ
5:117:24	عَلِيّ
9:4:6	ثُمّ
9:6:7	حَتَّىٰ
9:6:11	ثُمّ
9:12:17	لَعَلّ
9:14:7	عَلِيّ
9:23:1	أَيُّهَا
9:24:25	حَتَّىٰ
9:25:21	ثُمّ
9:26:1	ثُمّ
9:27:1	ثُمّ
9:28:1	أَيُّهَا
9:29:23	حَتَّىٰ
9:34:1	أَيُّهَا
9:35:3	عَلِيّ
9:35:6	جَهَنَّم
9:38:1	أَيُّهَا
9:40:27	عَلِيّ
9:42:10	عَلِيّ
9:43:7	حَتَّىٰ
9:48:9	حَتَّىٰ
9:49:13	جَهَنَّم
9:60:6	عَلِيّ
9:63:11	جَهَنَّم
9:64:5	عَلِيّ
9:68:7	جَهَنَّم
9:73:1	أَيُّهَا
9:73:7	عَلِيّ
9:73:9	جَهَنَّم
9:81:22	جَهَنَّم
9:92:13	عَلِيّ
9:92:20	أَلَآ
9:94:21	ثُمّ
9:95:14	جَهَنَّم
9:97:6	أَلَآ
9:98:11	عَلِيّ
9:101:18	ثُمّ
9:102:13	عَلِيّ
9:103:9	عَلِيّ
9:106:9	عَلِيّ
9:109:22	جَهَنَّم
9:111:18	عَلِيّ
9:111:21	تَّوْرَىٰة
9:114:10	إِيَّا
9:115:9	حَتَّىٰ
9:117:21	ثُمّ
9:117:23	عَلِيّ
9:118:5	حَتَّىٰ
9:118:8	عَلِيّ
9:118:13	عَلِيّ
9:118:23	ثُمّ
9:118:25	عَلِيّ
9:119:1	أَيُّهَا
9:122:21	لَعَلّ
9:123:1	أَيُّهَا
9:126:11	ثُمّ
9:127:13	ثُمّ
2:281:7	ثُمّ
