Lemma	Buckwalter	Frequency	Part-of-speech
مِن	min	3226	Preposition
ٱللَّه	{ll~ah	2699	Proper noun
فِى	fiY	1701	Preposition
إِنّ	<in~	1682	Accusative particle
عَلَىٰ	EalaY`	1445	Preposition
ٱلَّذِى	{l~a*iY	1442	Relative pronoun
لَا	laA	1364	Negative particle
مَا	maA	1266	Relative pronoun
رَبّ	rab~	975	Noun
إِلَىٰ	<ilaY`	742	Preposition
مَا	maA	704	Negative particle
مَن	man	606	Relative pronoun
إِن	<in	578	Conditional particle
أَن	>an	578	Subordinating conjunction
إِلَّا	<il~aA	558	Restriction particle
ذَٰلِك	*a`lik	520	Demonstrative pronoun
عَن	Ean	465	Preposition
أَرْض	>aroD	461	Noun
قَد	qad	406	Particle of certainty
إِذَا	<i*aA	405	Time adverb
قَوْم	qawom	383	Noun
ءَايَة	'aAyap	382	Noun
أَنّ	>an~	362	Accusative particle
كُلّ	kul~	358	Noun
لَم	lam	353	Negative particle
ثُمّ	vum~	338	Coordinating conjunction
رَسُول	rasuwl	332	Noun
لَا	laA	327	Prohibition particle
يَوْم	yawom	325	Noun
عَذَاب	Ea*aAb	322	Noun
هَٰذَا	ha`*aA	317	Demonstrative pronoun
سَمَآء	samaA^'	310	Noun
نَفْس	nafos	295	Noun
شَىْء	$aYo'	283	Noun
أَو	>aw	280	Coordinating conjunction
كِتَٰب	kita`b	260	Noun
بَيْن	bayon	243	Location adverb
حَقّ	Haq~	242	Noun
نَّاس	n~aAs	241	Noun
إِذ	<i*	239	Time adverb
أُولَٰٓئِك	>uwla`^}ik	204	Demonstrative pronoun
قَبْل	qabol	197	Noun
مُؤْمِن	mu&omin	195	Noun
لَو	law	184	Conditional particle
مَن	man	184	Conditional particle
سَبِيل	sabiyl	176	Noun
أَمْر	>amor	166	Noun
عِند	Eind	160	Location adverb
مَع	maE	159	Location adverb
بَعْض	baEoD	157	Noun
لَمَّا	lam~aA	156	Time adverb
أَيُّهَا	>ay~uhaA	153	Noun
خَيْر	xayor	148	Noun
إِلَٰه	<ila`h	147	Noun
نَار	naAr	145	Noun
غَيْر	gayor	144	Noun
أَم	>am	137	Coordinating conjunction
مُوسَىٰ	muwsaY`	136	Proper noun
دُون	duwn	135	Noun
آخِر	A^xir	133	Noun
بَعْد	baEod	133	Noun
قَلْب	qalob	132	Noun
عَبْد	Eabod	131	Noun
أَهْل	>ahol	127	Noun
لَعَلّ	laEal~	123	Accusative particle
بَل	bal	122	Retraction particle
يَد	yad	120	Noun
كَٰفِرُون	ka`firuwn	119	Noun
إِن	<in	114	Negative particle
رَحْمَة	raHomap	114	Noun
رَّحِيم	r~aHiym	112	Adjective
أَجْر	>ajor	105	Noun
ظَالِم	ZaAlim	105	Noun
عِلْم	Eilom	105	Noun
عَظِيم	EaZiym	104	Adjective
لَن	lan	104	Negative particle
إِلَّا	<il~aA	102	Exceptive particle
عَلِيم	Ealiym	101	Adjective
جَنَّة	jan~ap	96	Noun
حَتَّىٰ	Hat~aY`	95	Preposition
هَل	hal	93	Interogative particle
دِين	diyn	92	Noun
قَوْل	qawol	92	Noun
مَا	maA	92	Interogative particle
ذُو	*uw	90	Noun
مَلَك	malak	88	Noun
مَثَل	maval	87	Noun
مَال	maAl	86	Noun
وَلِىّ	waliY~	86	Noun
هُدًى	hudFY	85	Noun
حَكِيم	Hakiym	84	Adjective
فَضْل	faDol	84	Noun
صَلَوٰة	Salaw`p	83	Noun
لَيْل	layol	82	Noun
بُنَىّ	bunaY~	80	Noun
شَيْطَٰن	$ayoTa`n	80	Proper noun
كَيْف	kayof	80	Interogative particle
يَوْم	yawom	80	Time adverb
مَا	maA	79	Subordinating conjunction
أَصْحَٰب	>aSoHa`b	78	Noun
أَكْثَر	>akovar	78	Noun
جَهَنَّم	jahan~am	77	Proper noun
حَيَوٰة	Hayaw`p	76	Noun
ذِكْر	*ikor	76	Noun
زَوْج	zawoj	76	Noun
أَخ	>ax	75	Noun
مِثْل	mivol	75	Noun
نَّبِىّ	n~abiY~	75	Noun
أَحَد	>aHad	74	Noun
خَٰلِد	xa`lid	74	Noun
دُّنْيَا	d~unoyaA	74	Adjective
فِرْعَوْن	firoEawon	74	Proper noun
عَٰلَمِين	Ea`lamiyn	73	Noun
أَلِيم	>aliym	72	Adjective
مُّبِين	m~ubiyn	72	Noun
إِنسَٰن	<insa`n	71	Noun
عَمَل	Eamal	71	Noun
وَجْه	wajoh	71	Noun
قِيَٰمَة	qiya`map	70	Noun
يَوْمَئِذ	yawoma}i*	70	Time adverb
إِبْرَاهِيم	<iboraAhiym	69	Proper noun
قُرْءَان	quro'aAn	68	Proper noun
بَعْد	baEod	66	Time adverb
بَيْت	bayot	65	Noun
لَٰكِن	la`kin	65	Amendment particle
يَمِين	yamiyn	65	Noun
آبَاء	A^baA'	64	Noun
أُمَّة	>um~ap	64	Noun
ٱبْن	{bon	63	Noun
عَزِيز	Eaziyz	63	Noun
مَآء	maA^'	63	Noun
صَّٰلِحَٰت	S~a`liHa`t	62	Noun
عَلِيم	Ealiym	62	Noun
غَفُور	gafuwr	62	Noun
أَوَّل	>aw~al	61	Noun
صَٰلِح	Sa`liH	60	Noun
صَادِق	SaAdiq	59	Noun
نِسَآء	nisaA^'	59	Noun
نَذِير	na*iyr	58	Noun
عَيْن	Eayon	57	Noun
قَرْيَة	qaroyap	57	Noun
لَٰكِنّ	la`kin~	57	Accusative particle
نَهَار	nahaAr	56	Noun
وَلَد	walad	56	Noun
بَيِّنَة	bay~inap	55	Noun
رِزْق	rizoq	55	Noun
نَهَر	nahar	54	Noun
جَمِيع	jamiyE	53	Noun
أَجَل	>ajal	52	Noun
خَلْق	xaloq	52	Noun
جَنَّة	jan~ap	51	Proper noun
سُوٓء	suw^'	50	Noun
مَوْت	mawot	50	Noun
نِعْمَة	niEomap	50	Noun
عَدُوّ	Eaduw~	49	Noun
غَيْب	gayob	49	Noun
مُتَّقِين	mut~aqiyn	49	Noun
وَعْد	waEod	49	Noun
بَصَر	baSar	48	Noun
تَحْت	taHot	48	Noun
دَار	daAr	48	Noun
مُلْك	mulok	48	Noun
أَن	>an	47	Particle of interpretation
حَتَّىٰ	Hat~aY`	47	Inceptive particle
سَاعَة	saAEap	47	Noun
مُّبِين	m~ubiyn	47	Adjective
أَبٌ	>abN	46	Noun
أُولِى	>uwliY	45	Noun
إِيمَٰن	<iyma`n	45	Noun
رَّحْمَٰن	r~aHoma`n	45	Noun
صِرَٰط	Sira`T	45	Noun
قَبْل	qabol	45	Time adverb
آخَر	A^xar	44	Noun
أَمَّا	>am~aA	44	Explanation particle
صَدْر	Sador	44	Noun
قَدِير	qadiyr	44	Noun
مُجْرِم	mujorim	44	Noun
مُشْرِك	mu$orik	44	Noun
إِسْرَائِيل	<isoraA}iyl	43	Proper noun
حَمْد	Hamod	43	Noun
قَلِيل	qaliyl	43	Noun
نُوح	nuwH	43	Proper noun
نُور	nuwr	43	Noun
جَزَآء	jazaA^'	42	Noun
سَوْف	sawof	42	Future particle
كَثِير	kaviyr	42	Noun
بَحْر	baHor	41	Noun
دُّنْيَا	d~unoyaA	41	Noun
سُبْحَٰن	suboHa`n	41	Noun
سَلَٰم	sala`m	41	Noun
شَرِيك	$ariyk	40	Noun
شَهِيد	$ahiyd	40	Noun
لَوْلَآ	lawolaA^	40	Exhortation particle
وَيْل	wayol	40	Noun
إِذْن	<i*on	39	Noun
ٱسْم	{som	39	Noun
أَلَآ	>alaA^	39	Inceptive particle
جَبَل	jabal	39	Noun
سَمِيع	samiyE	39	Noun
حِسَاب	HisaAb	38	Noun
ضَلَٰل	Dala`l	38	Noun
عَزِيز	Eaziyz	38	Adjective
مُحْسِن	muHosin	38	Noun
بَشَر	ba$ar	37	Noun
ذَنب	*anb	37	Noun
سُلْطَٰن	suloTa`n	37	Noun
عِند	Eind	37	Noun
كُفْر	kufor	37	Noun
سَيِّـَٔات	say~i_#aAt	36	Noun
شَدِيد	$adiyd	36	Adjective
إِثْم	<ivom	35	Noun
أَحْسَن	>aHosan	35	Noun
أَىّ	>aY~	35	Interogative particle
لَوْلَآ	lawolaA^	35	Conditional particle
مَتَٰع	mata`E	35	Noun
أُمّ	>um~	34	Noun
فِتْنَة	fitonap	34	Noun
مُّرْسَل	m~urosal	34	Noun
مَرْيَم	maroyam	34	Proper noun
مَّعْرُوف	m~aEoruwf	34	Noun
مَن	man	34	Interogative particle
مَّيِّت	m~ay~it	34	Noun
نَصِير	naSiyr	34	Noun
ءَالَآء	'aAlaA^'	34	Noun
أَعْلَم	>aEolam	33	Noun
شَمْس	$amos	33	Noun
فَرِيق	fariyq	33	Noun
كَذِب	ka*ib	33	Noun
كَلَّا	kal~aA	33	Aversion particle
نَّعَم	n~aEam	33	Noun
خَٰسِرِين	xa`siriyn	32	Noun
زَكَوٰة	zakaw`p	32	Noun
عَٰقِبَة	Ea`qibap	32	Noun
كَبِير	kabiyr	32	Adjective
بَصِير	baSiyr	31	Noun
حِين	Hiyn	31	Noun
كَٰذِب	ka`*ib	31	Noun
حُكْم	Hukom	30	Noun
خَيْر	xayor	30	Adjective
شَرّ	$ar~	30	Noun
قُوَّة	quw~ap	30	Noun
مَلَأ	mala>	30	Noun
جُند	jund	29	Noun
رَجُل	rajul	29	Noun
رِيح	riyH	29	Noun
عَرْش	Earo$	29	Noun
عَهْد	Eahod	29	Noun
غَفُور	gafuwr	29	Adjective
كَأَنّ	ka>an~	29	Accusative particle
نَبَأ	naba>	29	Noun
أَبَدًا	>abadFA	28	Time adverb
أَشَدّ	>a$ad~	28	Noun
حَدِيث	Hadiyv	28	Noun
ذُرِّيَّة	*ur~iy~ap	28	Noun
رِجَال	rijaAl	28	Noun
سِحْر	siHor	28	Noun
كَرِيم	kariym	28	Adjective
كَلِمَة	kalimap	28	Noun
مَسْجِد	masojid	28	Noun
مَصِير	maSiyr	28	Noun
مَّغْفِرَة	m~agofirap	28	Noun
أَنَّىٰ	>an~aY`	27	Interogative particle
بَاب	baAb	27	Noun
غَٰفِل	ga`fil	27	Noun
قَلِيل	qaliyl	27	Adjective
قَمَر	qamar	27	Noun
كَافِر	kaAfir	27	Noun
لُوط	luwT	27	Proper noun
مُنَٰفِقُون	muna`fiquwn	27	Noun
يُوسُف	yuwsuf	27	Proper noun
آخَر	A^xar	26	Adjective
أَجْمَعِين	>ajomaEiyn	26	Noun
ٱمْرَأَت	{mora>at	26	Noun
بَٰطِل	ba`Til	26	Noun
ثَمُود	vamuwd	26	Proper noun
جَحِيم	jaHiym	26	Noun
خَوْف	xawof	26	Noun
سَوَآء	sawaA^'	26	Noun
كَيْد	kayod	26	Noun
مَاذَا	maA*aA	26	Interogative particle
ءَال	'aAl	26	Noun
آدَم	A^dam	25	Proper noun
بَأْس	ba>os	25	Noun
جُنَاح	junaAH	25	Noun
حَسَنَة	Hasanap	25	Noun
عِيسَى	EiysaY	25	Proper noun
فَوْق	fawoq	25	Noun
لِسَان	lisaAn	25	Noun
مَّكَان	m~akaAn	25	Noun
مِّيثَٰق	m~iyva`q	25	Noun
أُنثَىٰ	>unvaY`	24	Noun
أَىّ	>aY~	24	Noun
إِيَّا	<iy~aA	24	Personal pronoun
طَعَام	TaEaAm	24	Noun
ظَالِم	ZaAlim	24	Adjective
عَاد	EaAd2	24	Proper noun
فَاسِق	faAsiq	24	Noun
لِقَآء	liqaA^'	24	Noun
مُسْلِم	musolim	24	Noun
وَٰحِد	wa`Hid	24	Adjective
وَكِيل	wakiyl	24	Noun
بَيْن	bayon	23	Noun
حَيّ	Hay~	23	Noun
خَبِير	xabiyr	23	Adjective
ذِكْرَىٰ	*ikoraY`	23	Noun
شَهَٰدَة	$aha`dap	23	Noun
طَآئِفَة	TaA^}ifap	23	Noun
فُلْك	fulok	23	Noun
قَرْن	qaron	23	Noun
مَا	maA	23	Conditional particle
مُّسْتَقِيم	m~usotaqiym	23	Noun
ٱلَّذِى	{l~a*iY	22	Conditional particle
إِمَّا	<im~aA	22	Explanation particle
بَلَىٰ	balaY`	22	Answer particle
جِنّ	jin~	22	Noun
خَبِير	xabiyr	22	Noun
دُعَآء	duEaA^'	22	Noun
سَٰحِر	sa`Hir	22	Noun
سَبْع	saboE	22	Noun
سَمْع	samoE	22	Noun
ظُلُمَٰت	Zuluma`t	22	Noun
مَأْوَىٰ	ma>owaY`	22	Noun
مِسْكِين	misokiyn	22	Noun
نَصْر	naSor	22	Noun
وَٰحِدَة	wa`Hidap	22	Noun
آخِر	A^xir	21	Adjective
بَرّ	bar~	21	Noun
رُوح	ruwH	21	Noun
سَيِّئَة	say~i}ap	21	Noun
شَهْر	$ahor	21	Noun
طَيِّبَٰت	Tay~iba`t	21	Noun
ظَنّ	Zan~	21	Noun
كَثِير	kaviyr	21	Adjective
مُفْسِد	mufosid	21	Noun
مُّكَذِّبِين	m~uka*~ibiyn	21	Noun
نَصِيب	naSiyb	21	Noun
يَتِيم	yatiym	21	Noun
بَصِير	baSiyr	20	Adjective
بَعِيد	baEiyd	20	Adjective
حِزْب	Hizob	20	Noun
حَسَن	Hasan	20	Adjective
حِكْمَة	Hikomap	20	Noun
شَدِيد	$adiyd	20	Noun
ظُلْم	Zulom	20	Noun
عِقَاب	EiqaAb	20	Noun
غَنِىّ	ganiY~	20	Noun
كَم	kam	20	Interogative particle
لَدَي	laday	20	Location adverb
هَٰرُون	ha`ruwn	20	Proper noun
أَوَّل	>aw~al	19	Adjective
زِينَة	ziynap	19	Noun
شَاهِد	$aAhid	19	Noun
شَجَرَة	$ajarap	19	Noun
صَابِر	SaAbir	19	Noun
ضُرّ	Dur~	19	Noun
طَيْر	Tayor	19	Noun
فَوْز	fawoz	19	Noun
مَرَّة	mar~ap	19	Noun
مُّعْرِضُون	m~uEoriDuwn	19	Noun
مَكْر	makor	19	Noun
إِذًا	<i*FA	18	Surprise particle
أُذُنٌ	>u*unN	18	Noun
أَعْمَىٰ	>aEomaY`	18	Noun
إِنس	<ins	18	Noun
تَّوْرَىٰة	t~aworaY`p	18	Proper noun
دَآبَّة	daA^b~ap	18	Noun
دُبُر	dubur	18	Noun
دَرَجَة	darajap	18	Noun
ذَا	*aA	18	Noun
ذَكَر	*akar	18	Noun
رَأْس	ra>os	18	Noun
رَيْب	rayob	18	Noun
سَاجِد	saAjid	18	Noun
عَٰلِم	Ea`lim	18	Noun
مُنكَر	munkar	18	Noun
مَوْلَىٰ	mawolaY`	18	Noun
مُّؤْمِنَٰت	m~u&omina`t	18	Noun
إِسْحَاق	<isoHaAq	17	Proper noun
أَقْرَب	>aqorab	17	Noun
أَهْوَآء	>ahowaA^'	17	Noun
بَطْن	baTon	17	Noun
بَنَات	banaAt	17	Noun
تَأْوِيل	ta>owiyl	17	Noun
تُرَاب	turaAb	17	Noun
تَقْوَى	taqowaY	17	Noun
حَرَام	HaraAm	17	Adjective
خَلْف	xalof	17	Noun
سُلَيْمَٰن	sulayoma`n	17	Proper noun
فَٰحِشَة	fa`Hi$ap	17	Noun
قَآئِم	qaA^}im	17	Noun
لَّدُن	l~adun	17	Noun
مُّهْتَدُون	m~uhotaduwn	17	Noun
نَعِيم	naEiym	17	Noun
أَظْلَم	>aZolam	16	Noun
أَعْلَم	>aEolam	16	Adjective
أَلْبَٰب	>aloba`b	16	Noun
بَيِّنَة	bay~inap	16	Adjective
ثَمَرَٰت	vamara`t	16	Noun
حَرَام	HaraAm	16	Noun
حَمِيد	Hamiyd	16	Adjective
حَيْث	Hayov	16	Noun
دَاوُد	daAwud	16	Proper noun
سَعِير	saEiyr	16	Noun
سُنَّة	sun~ap	16	Noun
شَهِيد	$ahiyd	16	Adjective
عَظِيم	EaZiym	16	Noun
فُؤَاد	fu&aAd	16	Noun
فَوْق	fawoq	16	Location adverb
قُرْبَىٰ	qurobaY`	16	Noun
لَو	law	16	Subordinating conjunction
مَرْجِع	marojiE	16	Noun
مُّسَمًّى	m~usam~FY	16	Noun
مِيزَان	miyzaAn	16	Noun
يَعْقُوب	yaEoquwb	16	Proper noun
بُشْرَىٰ	bu$oraY`	15	Noun
بَلَٰغ	bala`g	15	Noun
تَنزِيل	tanziyl	15	Noun
رِجْل	rijol	15	Noun
شَكّ	$ak~	15	Noun
صَبْر	Sabor	15	Noun
ظَهْر	Zahor	15	Noun
قَرِيب	qariyb	15	Adjective
قِسْط	qisoT	15	Noun
كُلَّمَا	kul~amaA	15	Time adverb
مُصَدِّق	muSad~iq	15	Noun
مِلَّة	mil~ap	15	Noun
مُنذِر	mun*ir	15	Noun
نَصْرَانِيّ	naSoraAniy~	15	Proper noun
ٱبْتِغَآء	{botigaA^'	14	Noun
أَثَر	>avar	14	Noun
أُخْت	>uxot	14	Noun
إِذَا	<i*aA2	14	Surprise particle
أَلْف	>alof	14	Noun
أَمِين	>amiyn	14	Adjective
بَلَد	balad	14	Noun
حُدُود	Huduwd	14	Noun
حَرَج	Haraj	14	Noun
حَمِيم	Hamiym	14	Noun
خَاشِع	xaA$iE	14	Noun
شَاكِر	$aAkir	14	Noun
صِدْق	Sidoq	14	Noun
ظِلّ	Zil~	14	Noun
عَدْل	Eadol	14	Noun
غَضَب	gaDab	14	Noun
قَادِر	qaAdir	14	Noun
كَلِمَٰت	kalima`t	14	Noun
لَعْنَة	laEonap	14	Noun
لَيْت	layot	14	Accusative particle
مُّسْتَقِيم	m~usotaqiym	14	Adjective
مُسْلِم	musolim	14	Proper noun
مَقَام	maqaAm	14	Noun
وَالِد	waAlid	14	Noun
ٱثْنَيْن	{vonayon	13	Noun
إِذًا	<i*FA	13	Answer particle
أَكْبَر	>akobar	13	Noun
بَغْتَة	bagotap	13	Noun
ثَوَاب	vawaAb	13	Noun
جَمْع	jamoE	13	Noun
حَٰفِظ	Ha`fiZ	13	Noun
حَرْث	Harov	13	Noun
حُسْن	Huson	13	Noun
حَكِيم	Hakiym	13	Noun
حَوْل	Hawol	13	Noun
حَيْث	Hayov	13	Location adverb
رِضْوَٰن	riDowa`n	13	Noun
شَفَٰعَة	$afa`Eap	13	Noun
صَيْحَة	SayoHap	13	Noun
غَالِب	gaAlib	13	Noun
غُلَٰم	gula`m	13	Noun
فَاسِق	faAsiq	13	Adjective
قِتَال	qitaAl	13	Noun
مَا	maA	13	Supplemental particle
مَثْوًى	mavowFY	13	Noun
مَّرَض	m~araD	13	Noun
مُفْلِحُون	mufoliHuwn	13	Noun
مَلِك	malik	13	Noun
نَّجْم	n~ajom	13	Noun
إِحْسَٰن	<iHosa`n	12	Noun
أَرْحَام	>aroHaAm	12	Noun
إِسْمَاعِيل	<isomaAEiyl	12	Proper noun
أَصَمّ	>aSam~	12	Noun
أَفْوَٰه	>afowa`h	12	Noun
إِمَام	<imaAm	12	Noun
إِنجِيل	<injiyl	12	Proper noun
أَيْن	>ayon	12	Interogative particle
ثَلَٰثَة	vala`vap	12	Noun
حَنِيف	Haniyf	12	Noun
رَّحْمَٰن	r~aHoma`n	12	Adjective
طِين	Tiyn	12	Noun
عَٰمِل	Ea`mil	12	Noun
فَتْح	fatoH	12	Noun
لَحْم	laHom	12	Noun
مُسْرِف	musorif	12	Noun
مَسْكَن	masokan	12	Noun
مُعْجِز	muEojiz	12	Noun
مَّوْعِد	m~awoEid	12	Noun
نُّطْفَة	n~uTofap	12	Noun
وَرَآء	waraA^'	12	Location adverb
وَرَآء	waraA^'	12	Noun
وِزْر	wizor	12	Noun
إِبْلِيس	<iboliys	11	Proper noun
إِحْدَى	<iHodaY	11	Noun
أَكْبَر	>akobar	11	Adjective
أَمَّا	>am~aA	11	Conditional particle
بَرِىٓء	bariY^'	11	Noun
بَغْي	bagoy	11	Noun
تَوَّاب	taw~aAb	11	Noun
ثَمَن	vaman	11	Noun
حَسْب	Hasob	11	Noun
حَلِيم	Haliym	11	Adjective
خَٰلِق	xa`liq	11	Noun
خِزْى	xizoY	11	Noun
سِرّ	sir~	11	Noun
سِنِين	siniyn	11	Noun
شَرَاب	$araAb	11	Noun
شُعَيْب	$uEayob	11	Proper noun
شِيعَة	$iyEap	11	Noun
ضَآلّ	DaA^l~	11	Noun
عَدْن	Eadon	11	Proper noun
عِدَّة	Eid~ap	11	Noun
عِزَّة	Eiz~ap	11	Noun
عِنَب	Einab	11	Noun
فَٰكِهَة	fa`kihap	11	Noun
فَسَاد	fasaAd	11	Noun
قَدَر	qadar	11	Noun
قَرِيب	qariyb	11	Noun
كَثِيرَة	kaviyrap	11	Adjective
مَجْنُون	majonuwn	11	Noun
مُخْلِص	muxoliS	11	Noun
مَسِيح	masiyH	11	Proper noun
مَشْرِق	ma$oriq	11	Noun
نَاصِر	naASir	11	Noun
نَجْوَىٰٓ	najowaY`^	11	Noun
نَخْل	naxol	11	Noun
نَفْع	nafoE	11	Noun
هُزُو	huzuw	11	Noun
هَوَآء	hawaA^'	11	Noun
أَدْنَىٰ	>adonaY`	10	Noun
أَعْرَاب	>aEoraAb	10	Noun
جَاهِل	jaAhil	10	Noun
جِنَّة	jin~ap	10	Noun
حِجَارَة	HijaArap	10	Noun
حُسْنَىٰ	HusonaY`	10	Noun
خَيْرَٰت	xayora`t	10	Noun
دَم	dam	10	Noun
رِجْس	rijos	10	Noun
رَوَٰسِى	rawa`siY	10	Noun
رَءُوف	ra'uwf	10	Noun
زَرْع	zaroE	10	Noun
سَعْي	saEoy	10	Noun
سُورَة	suwrap	10	Noun
صَاحِب	SaAHib	10	Noun
صُّور	S~uwr	10	Noun
ضَرّ	Dar~	10	Noun
طُور	Tuwr	10	Noun
عَابِد	EaAbid	10	Noun
عِجْل	Eijol	10	Noun
عَرَبِيّ	Earabiy~	10	Adjective
عَصَا	EaSaA2	10	Noun
فَقِير	faqiyr	10	Noun
فِئَة	fi}ap	10	Noun
قَتْل	qatol	10	Noun
كَٰفِرُون	ka`firuwn	10	Adjective
كَيْل	kayol	10	Noun
لِبَاس	libaAs	10	Noun
لَهْو	lahow	10	Noun
مِائَة	miA}ap	10	Noun
مُّحْضَر	m~uHoDar	10	Noun
مُّخْتَلِف	m~uxotalif	10	Noun
مَدْيَن	madoyan	10	Proper noun
مَدِينَة	madiynap	10	Noun
مَّرِيض	m~ariyD	10	Noun
مُسْتَقَرّ	musotaqar~	10	Noun
مُّصِيبَة	m~uSiybap	10	Noun
مَغْرِب	magorib	10	Noun
وَٰلِدَي	wa`liday	10	Noun
يَسِير	yasiyr	10	Adjective
ءَامِنِين	'aAminiyn	10	Noun
آتِي	A^tiy	9	Noun
أَذًى	>a*FY	9	Noun
أَرْبَعَة	>arobaEap	9	Noun
أَسَٰطِير	>asa`Tiyr	9	Noun
أَضَلّ	>aDal~	9	Noun
إِفْك	<ifok	9	Noun
أَوْلَىٰ	>awolaY`	9	Noun
تِجَٰرَة	tija`rap	9	Noun
تَذْكِرَة	ta*okirap	9	Noun
جُلُود	juluwd	9	Noun
حُبّ	Hub~	9	Noun
حَجّ	Haj~	9	Noun
خَبِيث	xabiyv	9	Noun
خَلِيفَة	xaliyfap	9	Noun
دُون	duwn	9	Location adverb
رِجْز	rijoz	9	Noun
رَقَبَة	raqabap	9	Noun
سَبَب	sabab	9	Noun
سَحَاب	saHaAb	9	Noun
سَوْء	sawo'	9	Noun
شَفِيع	$afiyE	9	Noun
شَكُور	$akuwr	9	Adjective
صَٰلِح	Sa`liH2	9	Proper noun
صِيَام	SiyaAm	9	Noun
ضَرَّآء	Dar~aA^'	9	Noun
ضَلَٰلَة	Dala`lap	9	Noun
طُغْيَٰن	Tugoya`n	9	Noun
طَيِّبَة	Tay~ibap	9	Adjective
عَام	EaAm	9	Noun
عِبَادَت	EibaAdat	9	Noun
عُنُق	Eunuq	9	Noun
عِوَج	Eiwaj	9	Noun
غُرُور	guruwr	9	Noun
غِلّ	gil~	9	Noun
فَاعِل	faAEil	9	Noun
قَرَار	qaraAr	9	Noun
قَوِىّ	qawiY~	9	Noun
لَغْو	lagow	9	Noun
لَوْن	lawon	9	Noun
مُبَشِّر	muba$~ir	9	Noun
مَّبْعُوثُون	m~aboEuwvuwn	9	Noun
مَتَىٰ	mataY`	9	Interogative particle
مُحِيط	muHiyT	9	Noun
مَّعْلُوم	m~aEoluwm	9	Noun
مَّوْعِظَة	m~awoEiZap	9	Noun
مَـَٔاب	ma_#aAb	9	Noun
نَبَات	nabaAt	9	Noun
وَٰحِدَة	wa`Hidap	9	Adjective
وَٰسِع	wa`siE	9	Noun
يَهُودِيّ	yahuwdiy~	9	Proper noun
أَشُدّ	>a$ud~	8	Noun
بِرّ	bir~	8	Noun
بُرْهَٰن	buroha`n	8	Noun
ثِيَاب	viyaAb	8	Noun
جَانِب	jaAnib	8	Noun
جَدِيد	jadiyd	8	Adjective
جَنب	janb	8	Noun
خَزَآئِن	xazaA^}in	8	Noun
خَشْيَة	xa$oyap	8	Noun
خَطِيٓـَٔة	xaTiy^_#ap	8	Noun
خِلَٰل	xila`l	8	Noun
ذَهَب	*ahab	8	Noun
رَاكِع	raAkiE	8	Noun
سَرِيع	sariyE	8	Noun
سَمِيع	samiyE	8	Adjective
شِّمَال	$~imaAl	8	Noun
شَيْطَٰن	$ayoTa`n	8	Noun
صَاعِقَة	SaAEiqap	8	Noun
صُحُف	SuHuf	8	Noun
صَدَقَٰت	Sadaqa`t	8	Noun
صَوْت	Sawot	8	Noun
طَّٰغُوت	T~a`guwt	8	Noun
طَيِّب	Tay~ib	8	Adjective
طَيِّب	Tay~ib	8	Noun
ظَٰهِر	Za`hir	8	Noun
عُدْوَٰن	Eudowa`n	8	Noun
عَشِىّ	Ea$iY~	8	Noun
عَقِب	Eaqib	8	Noun
عَلِيّ	Ealiy~	8	Noun
غَلِيظ	galiyZ	8	Adjective
فَرْج	faroj	8	Noun
فَصْل	faSol	8	Noun
قَانِت	qaAnit	8	Noun
قَدَم	qadam	8	Noun
قَرِين	qariyn	8	Noun
كَبِير	kabiyr	8	Noun
لَٰكِن	la`kin	8	Accusative particle
لَعِب	laEib	8	Noun
مُتَّكِـِٔين	mut~aki_#iyn	8	Noun
مِثْقَال	mivoqaAl	8	Noun
مُجْرِم	mujorim	8	Adjective
مُحْصَنَٰت	muHoSana`t	8	Noun
مُخْلَص	muxolaS	8	Adjective
مُدْبِر	mudobir	8	Noun
مُشْفِقُون	mu$ofiquwn	8	Noun
مُّقِيم	m~uqiym	8	Noun
مَنَٰفِع	mana`fiE	8	Noun
مَّوَدَّة	m~awad~ap	8	Noun
مِيقَٰت	miyqa`t	8	Noun
نُزُل	nuzul	8	Noun
هُنَالِك	hunaAlik	8	Time adverb
وَصِيَّة	waSiy~ap	8	Noun
يَمّ	yam~	8	Noun
ـَٰٔن	_#a`n	8	Time adverb
أَبْقَىٰٓ	>aboqaY`^	7	Noun
أَبَوَان	>abawaAn	7	Noun
ٱثْنَتَيْن	{vonatayon	7	Noun
أَثِيم	>aviym	7	Adjective
ٱخْتِلَٰف	{xotila`f	7	Noun
إِخْوَةٌ	<ixowapN	7	Noun
إِصْلَٰح	<iSola`H	7	Noun
أُكُل	>ukul	7	Noun
أَهْدَىٰ	>ahodaY`	7	Noun
بَشِير	ba$iyr	7	Noun
بَصِيرَة	baSiyrap	7	Noun
بُعْد	buEod	7	Noun
بُنْيَٰن	bunoya`n	7	Noun
بَيْع	bayoE	7	Noun
تَبْدِيل	tabodiyl	7	Noun
تَوْبَة	tawobap	7	Noun
ثَلَٰث	vala`v	7	Noun
جَآنّ	jaA^n~	7	Noun
جَمِيل	jamiyl	7	Adjective
جَنَاح	janaAH	7	Noun
جَهْر	jahor	7	Noun
حَبّ	Hab~	7	Noun
حَبْل	Habol	7	Noun
حِجَاب	HijaAb	7	Noun
حُجَّة	Huj~ap	7	Noun
حَسْرَة	Hasorap	7	Noun
حُسْنَىٰ	HusonaY`	7	Adjective
حَظّ	HaZ~	7	Noun
حَفِيظ	HafiyZ	7	Noun
حَمْل	Hamol	7	Noun
ذِلَّة	*il~ap	7	Noun
رِّبَوٰا	r~ibaw`A	7	Noun
رُّءْيَا	r~u'oyaA	7	Noun
زُبُر	zubur	7	Noun
زَكَرِيَّا	zakariy~aA	7	Proper noun
سَآئِل	saA^}il	7	Noun
سَابِق	saAbiq	7	Noun
سِتَّة	sit~ap	7	Noun
سَفَر	safar	7	Noun
سَفِيه	safiyh	7	Noun
سَنَة	sanap	7	Noun
شَجَر	$ajar	7	Noun
شِقَاق	$iqaAq	7	Noun
صَفّ	Saf~	7	Noun
ضِعْف	DiEof	7	Noun
ضَعِيف	DaEiyf	7	Noun
عَاكِف	EaAkif	7	Noun
عُمُر	Eumur	7	Noun
غَٰبِرِين	ga`biriyn	7	Noun
فَحْشَآء	faHo$aA^'	7	Noun
فُرْقَان	furoqaAn	7	Noun
قَاعِد	qaAEid	7	Noun
قِبْلَة	qibolap	7	Noun
قَدْر	qador	7	Noun
كَٰرِهُون	ka`rihuwn	7	Noun
كَأَيِّن	ka>ay~in	7	Noun
كَبِيرَة	kabiyrap	7	Noun
كَى	kaY	7	Subordinating conjunction
لَيْلَة	layolap	7	Noun
مُرِيب	muriyb	7	Noun
مَّطَر	m~aTar	7	Noun
مَفْعُول	mafoEuwl	7	Noun
مُقَرَّبُون	muqar~abuwn	7	Noun
مِهَٰد	miha`d	7	Noun
مُّهِين	m~uhiyn	7	Adjective
مُّهِين	m~uhiyn	7	Noun
مُؤْمِن	mu&omin	7	Adjective
نَاقَة	naAqap	7	Noun
نَّخِيل	n~axiyl	7	Noun
هَاد	haAd	7	Noun
هَدْي	hadoy	7	Noun
هُود	huwd	7	Proper noun
وَاد	waAd	7	Noun
وَارِث	waAriv	7	Noun
وَلِيد	waliyd	7	Noun
يُسْر	yusor	7	Noun
أَبْكَم	>abokam	6	Noun
أَخْذ	>axo*	6	Noun
إِخْرَاج	<ixoraAj	6	Noun
أَرْبَع	>arobaE	6	Noun
إِسْلَٰم	<isola`m	6	Proper noun
أَعْلَىٰ	>aEolaY`	6	Noun
أُمْنِيَّت	>umoniy~at	6	Noun
أُنثَيَيْن	>unvayayon	6	Noun
أَندَاد	>andaAd	6	Noun
بَٰلِغ	ba`lig	6	Noun
بَعْل	baEol	6	Noun
بُكْرَة	bukorap	6	Time adverb
بَلَآء	balaA^'	6	Noun
بُهْتَٰن	buhota`n	6	Noun
تَحِيَّة	taHiy~ap	6	Noun
ثَّقَلَان	v~aqalaAn	6	Noun
جَاعِل	jaAEil	6	Noun
حَدِيد	Hadiyd	6	Noun
حَلَٰل	Hala`l	6	Noun
حُلُم	Hulum	6	Noun
حَمِيم	Hamiym	6	Adjective
خِلَٰف	xila`f	6	Noun
خَلَٰق	xala`q	6	Noun
خُلْد	xulod	6	Noun
خَمْر	xamor	6	Noun
خِيفَة	xiyfap	6	Noun
دَعْوَة	daEowap	6	Noun
ذَرَّة	*ar~ap	6	Noun
رَّٰحِمِين	r~a`Himiyn	6	Noun
رَّٰزِقِين	r~a`ziqiyn	6	Noun
رِسَٰلَٰت	risa`la`t	6	Noun
رُشْد	ru$od	6	Noun
سَّبْت	s~abot	6	Noun
سِّجْن	s~ijon	6	Noun
سُرُر	surur	6	Noun
سَعَة	saEap	6	Noun
سَكِينَة	sakiynap	6	Noun
سِيمَٰ	siyma`	6	Noun
طَرْف	Tarof	6	Noun
ظُلَّة	Zul~ap	6	Noun
عَاد	EaAd	6	Noun
عِبْرَة	Eiborap	6	Noun
عَدَٰوَة	Eada`wap	6	Noun
عَرَض	EaraD	6	Noun
عُقْبَى	EuqobaY	6	Noun
غَٰوِين	ga`wiyn	6	Noun
غَمّ	gam~	6	Noun
غَيْظ	gayoZ	6	Noun
فَاطِر	faATir	6	Noun
فَجْر	fajor	6	Noun
فَرِح	fariH	6	Noun
فَرِيضَة	fariyDap	6	Noun
فِضَّة	fiD~ap	6	Noun
قَبْر	qabor	6	Noun
قَرْض	qaroD	6	Noun
قَصَص	qaSaS	6	Noun
قَمِيص	qamiyS	6	Noun
قَهَّار	qah~aAr	6	Adjective
كَأْس	ka>os	6	Noun
كِبَر	kibar	6	Noun
كُبْرَىٰ	kuboraY`	6	Adjective
كَرَّة	kar~ap	6	Noun
كَفُور	kafuwr	6	Adjective
كَفُور	kafuwr	6	Noun
كَنز	kanz	6	Noun
كَهْف	kahof	6	Noun
لَّعَلّ	l~aEal~	6	Accusative particle
لُؤْلُؤ	lu&olu&	6	Noun
مُبَارَك	mubaArak	6	Noun
مُتَكَبِّر	mutakab~ir	6	Noun
مُّدَّكِر	m~ud~akir	6	Noun
مَرَدّ	marad~	6	Noun
مُسْتَكْبِر	musotakobir	6	Noun
مُعْتَدِين	muEotadiyn	6	Noun
مَقْت	maqot	6	Noun
مَنّ	man~	6	Noun
مُنتَظِرُون	muntaZiruwn	6	Noun
مُنظَرُون	munZaruwn	6	Noun
مُّنِيب	m~uniyb	6	Noun
مُهَاجِر	muhaAjir	6	Noun
مَوْج	mawoj	6	Noun
مِّيعَاد	m~iyEaAd	6	Noun
نَاصِح	naASiH	6	Noun
نِصْف	niSof	6	Noun
هَٰمَٰن	ha`ma`n	6	Proper noun
وَٰحِد	wa`Hid	6	Noun
وَحْد	waHod	6	Noun
وَحْى	waHoY	6	Noun
وَعِيد	waEiyd	6	Noun
وَقْر	waqor	6	Noun
يَقِين	yaqiyn	6	Noun
أَبْيَض	>aboyaD	5	Noun
أَحَقّ	>aHaq~	5	Noun
أَحَقّ	>aHaq~	5	Adjective
أَرَآئِك	>araA^}ik	5	Noun
أَسَاوِر	>asaAwir	5	Noun
أَسْبَاط	>asobaAT	5	Noun
أَصْنَام	>aSonaAm	5	Noun
ٱللَّهُمَّ	{ll~ahum~a	5	Proper noun
ٱمْرِئ	{mori}	5	Noun
أَمْن	>amon	5	Noun
إِن	<in	5	Particle of certainty
أَوَّاب	>aw~aAb	5	Noun
أَيَّان	>ay~aAn	5	Interogative particle
بَرْق	baroq	5	Noun
بِضَٰعَة	biDa`Eap	5	Noun
بَعِيد	baEiyd	5	Noun
بَغْضَآء	bagoDaA^'	5	Noun
بَلْدَة	balodap	5	Noun
تَحْرِير	taHoriyr	5	Noun
تِسْع	tisoE	5	Noun
تَفْصِيل	tafoSiyl	5	Noun
تَقْدِير	taqodiyr	5	Noun
تَقَلُّب	taqal~ub	5	Noun
ثُّلُث	v~uluv	5	Noun
ثَمَر	vamar	5	Noun
جَٰثِمِين	ja`vimiyn	5	Noun
جَبَّار	jab~aAr	5	Adjective
جَبَّار	jab~aAr	5	Noun
جَرَم	jaram	5	Noun
جَهْد	jahod	5	Noun
حَٰكِمِين	Ha`kimiyn	5	Noun
حَبَّة	Hab~ap	5	Noun
حَرِيق	Hariyq	5	Noun
حَفِيظ	HafiyZ	5	Adjective
حَقّ	Haq~	5	Adjective
حِلّ	Hil~	5	Noun
حِمَار	HimaAr	5	Noun
حَوَارِيُّون	HawaAriy~uwn	5	Noun
حُوت	Huwt	5	Noun
خَٰطِـِٔين	xa`Ti_#iyn	5	Noun
خَالِصَة	xaAliSap	5	Noun
خُرُوج	xuruwj	5	Noun
خَصِيم	xaSiym	5	Noun
خَطْب	xaTob	5	Noun
خُطُوَٰت	xuTuwa`t	5	Noun
خَلْف	xalof	5	Location adverb
خِنزِير	xinziyr	5	Noun
خَيْل	xayol	5	Noun
دَيْن	dayon	5	Noun
ذَا	*aA	5	Demonstrative pronoun
رَشَد	ra$ad	5	Noun
رُعْب	ruEob	5	Noun
رَقِيب	raqiyb	5	Noun
زَّيْتُون	z~ayotuwn	5	Noun
سَاجِد	saAjid	5	Adjective
سَلَم	salam	5	Noun
سَوْءَٰت	sawo'a`t	5	Noun
شَّٰرِبِين	$~a`ribiyn	5	Noun
شَاعِر	$aAEir	5	Noun
شِرْك	$irok	5	Noun
شَطْر	$aTor	5	Location adverb
صَٰغِرُون	Sa`giruwn	5	Noun
صَٰلِح	Sa`liH	5	Adjective
صَدَقَة	Sadaqap	5	Noun
صِدِّيق	Sid~iyq	5	Noun
صَيْد	Sayod	5	Noun
ضَيْف	Dayof	5	Noun
طَٰٓئِر	Ta`^}ir	5	Noun
طَرَف	Taraf	5	Noun
طَرِيقَة	Tariyqap	5	Noun
ظَلَّٰم	Zal~a`m	5	Noun
عَدَد	Eadad	5	Noun
عَزْم	Eazom	5	Noun
عُسْر	Eusor	5	Noun
عَشْر	Ea$or	5	Noun
عَطَآء	EaTaA^'	5	Noun
عَفُوّ	Eafuw~	5	Noun
عَلَقَة	Ealaqap	5	Noun
غَد	gad	5	Noun
غُدُوّ	guduw~	5	Noun
غُرْفَة	gurofap	5	Noun
غَفْلَة	gafolap	5	Noun
فَوْج	fawoj	5	Noun
قَآئِل	qaA^}il	5	Noun
قَارِعَة	qaAriEap	5	Noun
قَيِّم	qay~im	5	Adjective
كَآفَّة	kaA^f~ap	5	Noun
كَاتِب	kaAtib	5	Noun
كَرْه	karoh	5	Noun
كَلْب	kalob	5	Noun
كَوْكَب	kawokab	5	Noun
لَوْح	lawoH	5	Noun
مُبْطِلُون	muboTiluwn	5	Noun
مُتْرَفِين	mutorafiyn	5	Noun
مُتَشَٰبِه	muta$a`bih	5	Noun
مَّحِيص	m~aHiyS	5	Noun
مُخْرَج	muxoraj	5	Noun
مَرْضَات	maroDaAt	5	Noun
مِرْيَة	miroyap	5	Noun
مُّسَمًّى	m~usam~FY	5	Adjective
مَسْـُٔول	maso_#uwl	5	Noun
مُصْبِحِين	muSobiHiyn	5	Noun
مُصْلِح	muSoliH	5	Noun
مُّطَهَّرَة	m~uTah~arap	5	Adjective
مَع	maE2	5	Preposition
مَّعْدُودَة	m~aEoduwdap	5	Adjective
مَكَانَت	makaAnat	5	Noun
مَلُوم	maluwm	5	Noun
مُنَٰفِقَٰت	muna`fiqa`t	5	Noun
مُنذَرِين	mun*ariyn	5	Noun
مُنزِلِين	munziliyn	5	Noun
مُّنِير	m~uniyr	5	Noun
مَهْد	mahod	5	Noun
مُهْلِك	muholik	5	Noun
مُّوقِنِين	m~uwqiniyn	5	Noun
مَيْتَة	mayotap	5	Noun
نَٰدِمِين	na`dimiyn	5	Noun
نَٰظِرِين	na`Ziriyn	5	Noun
نُّبُوَّة	n~ubuw~ap	5	Noun
نُشُور	nu$uwr	5	Noun
نُفُور	nufuwr	5	Noun
نِكَاح	nikaAH	5	Noun
وَازِرَة	waAzirap	5	Noun
وَاقِع	waAqiE	5	Noun
وُسْع	wusoE	5	Noun
يَحْيَىٰ	yaHoyaY`	5	Proper noun
يَسِير	yasiyr	5	Noun
أَحْبَار	>aHobaAr	4	Noun
أَخْسَرِين	>axosariyn	4	Noun
أَرْحَم	>aroHam	4	Noun
أَرْذَل	>aro*al	4	Noun
أَزْكَىٰ	>azokaY`	4	Noun
إِسْتَبْرَق	<isotaboraq	4	Noun
أَسْلِحَت	>asoliHat	4	Noun
أَسِير	>asiyr	4	Noun
أَصِيل	>aSiyl	4	Time adverb
أَطْهَر	>aTohar	4	Noun
أَقْوَم	>aqowam	4	Noun
أَكْل	>akol	4	Noun
أَكِنَّة	>akin~ap	4	Noun
أَكْوَاب	>akowaAb	4	Noun
ٱلَّٰٓـِٔى	{l~a`^_#iY	4	Relative pronoun
أَمَٰنَٰت	>ama`na`t	4	Noun
أَمَد	>amad	4	Noun
أَمْس	>amos	4	Noun
أُمِّىّ	>um~iY~	4	Noun
ٱنتِقَام	{ntiqaAm	4	Noun
أَيْكَة	>ayokap	4	Noun
أَيْن	>ayon	4	Location adverb
أَيُّوب	>ay~uwb	4	Proper noun
بَأْسَآء	ba>osaA^'	4	Noun
بَٰسِط	ba`siT	4	Noun
بَال	baAl	4	Noun
بُرُوج	buruwj	4	Noun
بَعْث	baEov	4	Noun
بَقَرَة	baqarap	4	Noun
بَل	bal	4	Inceptive particle
تَقِيّ	taqiy~	4	Noun
ثُبُور	vubuwr	4	Noun
ثَقِيل	vaqiyl	4	Adjective
ثَمّ	vam~	4	Location adverb
جِهَاد	jihaAd	4	Noun
جَهَٰلَة	jaha`lap	4	Noun
جَوَاب	jawaAb	4	Noun
جُوع	juwE	4	Noun
حَاصِب	HaASib	4	Noun
حِجْر	Hijor	4	Noun
حَرْب	Harob	4	Noun
حَصِيد	HaSiyd	4	Noun
حَلِيم	Haliym	4	Noun
حِلْيَة	Hiloyap	4	Noun
حُور	Huwr	4	Noun
حِين	Hiyn	4	Time adverb
خَاوِيَة	xaAwiyap	4	Noun
خَبِيثَة	xabiyvap	4	Noun
خَزَنَت	xazanat	4	Noun
خُضْر	xuDor	4	Noun
خَلِيل	xaliyl	4	Noun
دَأْب	da>ob	4	Noun
دَابِر	daAbir	4	Noun
دَٰخِرُون	da`xiruwn	4	Noun
دَاعِى	daAEiY	4	Noun
دَعْوَىٰ	daEowaY`	4	Noun
ذُرِّيَّٰت	*ur~iy~a`t	4	Noun
رَٰجِعُون	ra`jiEuwn	4	Noun
رَّجْفَة	r~ajofap	4	Noun
رَجِيم	rajiym	4	Adjective
رَّحِيم	r~aHiym	4	Noun
رِسَالَة	risaAlap	4	Noun
زُخْرُف	zuxoruf	4	Noun
زُلْفَىٰٓ	zulofaY`^	4	Noun
زُّور	z~uwr	4	Noun
سَاق	saAq	4	Noun
سَبْعَة	saboEap	4	Noun
سُّجُود	s~ujuwd	4	Noun
سَدّ	sad~	4	Noun
سِرَاج	siraAj	4	Noun
سَفِينَة	safiynap	4	Noun
سَقَر	saqar	4	Proper noun
سَقْف	saqof	4	Noun
سَمَّٰعُون	sam~a`Euwn	4	Noun
سُّوق	s~uwq	4	Noun
شَأْن	$a>on	4	Noun
شَعَٰٓئِر	$aEa`^}ir	4	Noun
شِفَآء	$ifaA^'	4	Noun
شِهَاب	$ihaAb	4	Noun
صَٰحِبَة	Sa`Hibap	4	Noun
صَبَّار	Sab~aAr	4	Adjective
صُبْح	SuboH	4	Noun
صَرْح	SaroH	4	Noun
صَعِيد	SaEiyd	4	Noun
صَلْصَٰل	SaloSa`l	4	Noun
ضُحًى	DuHFY	4	Noun
ضَعْف	DaEof	4	Noun
ضِعْف	DiEof	4	Adjective
طَآئِف	TaA^}if	4	Noun
طَٰغِين	Ta`giyn	4	Noun
طَرِيق	Tariyq	4	Noun
طِفْل	Tifol	4	Noun
طَلْع	TaloE	4	Noun
طَمَع	TamaE	4	Noun
طَوْع	TawoE	4	Noun
ظَالِمَة	ZaAlimap	4	Noun
ظَهِير	Zahiyr	4	Noun
عَالِي	EaAliy	4	Noun
عَجُوز	Eajuwz	4	Noun
عَرْض	EaroD	4	Noun
عَشَر	Ea$ar	4	Noun
عُصْبَة	EuSobap	4	Noun
عُقْدَة	Euqodap	4	Noun
عَلَانِيَة	EalaAniyap	4	Noun
عُلُوّ	Euluw~	4	Noun
عَوْرَة	Eaworap	4	Noun
غَمَٰم	gama`m	4	Noun
غَنِىّ	ganiY~	4	Adjective
غَيّ	gay~	4	Noun
غُيُوب	guyuwb	4	Noun
فَآئِزُون	faA^}izuwn	4	Noun
فَخُور	faxuwr	4	Adjective
فِرَار	firaAr	4	Noun
فُسُوق	fusuwq	4	Noun
قَآئِمَة	qaA^}imap	4	Noun
قَٰرُون	qa`ruwn	4	Proper noun
قُدُس	qudus	4	Noun
قِصَاص	qiSaAS	4	Noun
قَصْر	qaSor	4	Noun
قُعُود	quEuwd	4	Noun
قَلَم	qalam	4	Noun
قِيل	qiyl	4	Noun
كَرْب	karob	4	Noun
كِسَف	kisaf	4	Noun
كَفَّار	kaf~aAr	4	Adjective
كَفَّٰرَة	kaf~a`rap	4	Noun
كِفْل	kifol	4	Noun
كَلَٰم	kala`m	4	Noun
كَلِم	kalim	4	Noun
لَطِيف	laTiyf	4	Adjective
مُبْصِر	muboSir	4	Noun
مُبْلِسُون	mubolisuwn	4	Noun
مُّتَقَٰبِلِين	m~utaqa`biliyn	4	Noun
مُتَوَكِّلُون	mutawak~iluwn	4	Noun
مُجَٰهِدِين	muja`hidiyn	4	Noun
مَّجِيد	m~ajiyd	4	Adjective
مِحْرَاب	miHoraAb	4	Noun
مُحَرَّم	muHar~am	4	Noun
مَحْرُوم	maHoruwm	4	Noun
مُحَمَّد	muHam~ad	4	Proper noun
مُخَلَّفُون	muxal~afuwn	4	Noun
مَدِينَة	madiynap	4	Proper noun
مُرْسِل	murosil	4	Noun
مَرْء	maro'	4	Noun
مُّسْتَضْعَفُون	m~usotaDoEafuwn	4	Noun
مَّسْحُور	m~asoHuwr	4	Noun
مِصْبَاح	miSobaAH	4	Noun
مُصَدِّق	muSad~iq	4	Adjective
مِصْر	miSor	4	Proper noun
مُعَذِّب	muEa*~ib	4	Noun
مُعَذَّبِين	muEa*~abiyn	4	Noun
مَّعْرُوف	m~aEoruwf	4	Adjective
مَغَانِم	magaAnim	4	Noun
مُّغْرَقُون	m~ugoraquwn	4	Noun
مُّقْتَدِر	m~uqotadir	4	Noun
مَقْعَد	maqoEad	4	Noun
مُّكْرَمُون	m~ukoramuwn	4	Noun
مُّلَٰقُوا	m~ula`quwA	4	Noun
مَلَكُوت	malakuwt	4	Noun
مُمْتَرِين	mumotariyn	4	Noun
مَمْنُون	mamonuwn	4	Noun
مَنَام	manaAm	4	Noun
مُّنتَصِر	m~untaSir	4	Noun
مَنسَك	mansak	4	Noun
مُّؤْمِنَٰت	m~u&omina`t	4	Adjective
مُّؤْمِنَة	m~u&ominap	4	Adjective
مَّيِّت	m~ay~it	4	Adjective
مَّيْت	m~ayot	4	Adjective
نَصَب	naSab	4	Noun
نَعْجَة	naEojap	4	Noun
نَعَم	naEam	4	Answer particle
نَكِير	nakiyr	4	Noun
هُنَا	hunaA	4	Demonstrative pronoun
وَبَال	wabaAl	4	Noun
وَقُود	waquwd	4	Noun
يُونُس	yuwnus	4	Proper noun
ءَامِن	'aAmin	4	Noun
آثِم	A^vim	3	Noun
آخِذ	A^xi*	3	Noun
أَبْيَض	>aboyaD	3	Adjective
أُجَاج	>ujaAj	3	Noun
أَجْدَاث	>ajodaAv	3	Noun
أَخْبَار	>axobaAr	3	Noun
إِذَا	<i*aA	3	Surprise particle
أَذْقَان	>a*oqaAn	3	Noun
أَسْفَل	>asofal	3	Noun
أُسْوَة	>usowap	3	Noun
أَشَدّ	>a$ad~	3	Adjective
أَشْقَى	>a$oqaY	3	Noun
إِصْر	<iSor	3	Noun
أَصْل	>aSol	3	Noun
أَصِيل	>aSiyl	3	Noun
إِطْعَٰم	<iToEa`m	3	Noun
أَعَزّ	>aEaz~	3	Noun
أَعْلَىٰ	>aEolaY`	3	Adjective
أَعْمَىٰ	>aEomaY`	3	Adjective
أُفّ	>uf~	3	Noun
أُفُق	>ufuq	3	Noun
إِلَّا	<il~aA	3	Particle of certainty
إِلْيَاس	<iloyaAs	3	Proper noun
أَوْتَاد	>awotaAd	3	Noun
أَوْثَٰن	>awova`n	3	Noun
إِيتَاءٌ	<iytaA'N	3	Noun
أَيْمَن	>ayoman	3	Adjective
أَيْن	>ayon	3	Conditional particle
بَاطِن	baATin	3	Noun
بَاغ	baAg	3	Noun
بَرْزَخ	barozax	3	Noun
بَرَكَٰت	baraka`t	3	Noun
بُشْر	bu$or	3	Noun
بَطْش	baTo$	3	Noun
بَقَر	baqar	3	Noun
بَقِيَّت	baqiy~at	3	Noun
بَهِيمَة	bahiymap	3	Noun
بَيَان	bayaAn	3	Noun
تَابِع	taAbiE	3	Noun
تَارِك	taArik	3	Noun
تَحْت	taHot	3	Location adverb
تَحْوِيل	taHowiyl	3	Noun
تَسْلِيم	tasoliym	3	Noun
تَضَرُّع	taDar~uE	3	Noun
ثُلَّة	vul~ap	3	Noun
ثَمَٰنِيَة	vama`niyap	3	Noun
جَار	jaAr	3	Noun
جَالُوت	jaAluwt	3	Proper noun
جَامِع	jaAmiE	3	Noun
جَٰهِلِيَّة	ja`hiliy~ap2	3	Proper noun
جِبْرِيل	jiboriyl	3	Proper noun
جِذْع	ji*oE	3	Noun
جُزْء	juzo'	3	Noun
جَسَد	jasad	3	Noun
جُنُب	junub	3	Noun
جَهْرَة	jahorap	3	Noun
جَيْب	jayob	3	Noun
حَآقَّة	HaA^q~ap	3	Noun
حَاجَة	HaAjap	3	Noun
حَٰشِرِين	Ha`$iriyn	3	Noun
حَدَآئِق	HadaA^}iq	3	Noun
حِذْر	Hi*or	3	Noun
حَرّ	Har~	3	Noun
حَرِير	Hariyr	3	Noun
حَزَن	Hazan	3	Noun
حُسْبَان	HusobaAn	3	Noun
حَسَنَٰت	Hasana`t	3	Noun
حَسَنَة	Hasanap	3	Adjective
حَسِيب	Hasiyb	3	Noun
حُطَٰم	HuTa`m	3	Noun
حِفْظ	HifoZ	3	Noun
حَكَم	Hakam	3	Noun
حَمَإ	Hama<	3	Noun
حِمْل	Himol	3	Noun
حَوْل	Hawol	3	Location adverb
خَآئِف	xaA^}if	3	Noun
خَآئِنِين	xaA^}iniyn	3	Noun
خَارِج	xaArij	3	Noun
خَٰلَٰت	xa`la`t	3	Noun
خَسَار	xasaAr	3	Noun
خُسْرَان	xusoraAn	3	Noun
خَصْم	xaSom	3	Noun
خِطَاب	xiTaAb	3	Noun
خَمْسَة	xamosap	3	Noun
دَآئِرَة	daA^}irap	3	Noun
دَّاع	d~aAE	3	Noun
دَكّ	dak~	3	Noun
ذَآئِقَة	*aA^}iqap	3	Noun
ذَرْع	*aroE	3	Noun
ذُّلّ	*~ul~	3	Noun
ذِّئْب	*~i}ob	3	Noun
رَآدّ	raA^d~	3	Noun
رَاغِب	raAgib	3	Noun
رَبَّٰنِيِّن	rab~a`niy~in	3	Noun
رَجْع	rajoE	3	Noun
رَحْل	raHol	3	Noun
رُّمَّان	r~um~aAn	3	Noun
رُهْبَٰن	ruhoba`n	3	Noun
رَهْط	rahoT	3	Noun
رَّوْح	r~awoH	3	Noun
رِئَآء	ri}aA^'	3	Noun
زَان	zaAn	3	Noun
زَانِيَة	zaAniyap	3	Noun
زَبَد	zabad	3	Noun
زَبُور	zabuwr	3	Proper noun
زَفِير	zafiyr	3	Noun
زَقُّوم	zaq~uwm	3	Proper noun
سَّارِق	s~aAriq	3	Noun
سَافِل	saAfil	3	Noun
سَّامِرِىّ	s~aAmiriY~	3	Proper noun
سِجِّيل	sij~iyl	3	Noun
سُّحْت	s~uHot	3	Noun
سَحَر	saHar	3	Noun
سُّدُس	s~udus	3	Noun
سَرَٰبِيل	sara`biyl	3	Noun
سُكَٰرَىٰ	suka`raY`	3	Noun
سَكَن	sakan	3	Noun
سِلْسِلَة	silosilap	3	Noun
سَّلْوَىٰ	s~alowaY`	3	Noun
سَمُوم	samuwm	3	Noun
سَمِين	samiyn	3	Adjective
سُندُس	sundus	3	Noun
سَوِيّ	sawiy~	3	Adjective
سَيَّارَة	say~aArap	3	Noun
سَيِّد	say~id	3	Noun
سَيِّئ	say~i}	3	Adjective
شُحّ	$uH~	3	Noun
شِرْب	$irob	3	Noun
شَهَٰدَٰت	$aha`da`t	3	Noun
شَّهَوَٰت	$~ahawa`t	3	Noun
شَيْخ	$ayox	3	Adjective
صَٰٓفَّٰت	Sa`^f~a`t	3	Noun
صَّٰبِـِٔين	S~a`bi_#iyn	3	Proper noun
صَرْصَر	SaroSar	3	Adjective
صَغِير	Sagiyr	3	Noun
صُورَة	Suwrap	3	Noun
ضَآلّ	DaA^l~	3	Adjective
ضَرْب	Darob	3	Noun
ضِغْث	Digov	3	Noun
ضِيَآء	DiyaA^'	3	Noun
طَاعَة	TaAEap	3	Noun
طَوْل	Tawol	3	Noun
عَاجِلَةٌ	EaAjilapN	3	Noun
عَاصِم	EaASim	3	Noun
عَاقِر	EaAqir	3	Noun
عَجَب	Eajab	3	Adjective
عَشْرَة	Ea$orap	3	Noun
عَشِيرَت	Ea$iyrat	3	Noun
عَقِيم	Eaqiym	3	Adjective
عَلِيّ	Ealiy~	3	Adjective
عَمَّٰت	Eam~a`t	3	Noun
عَمَد	Eamad	3	Noun
عِمْرَٰن	Eimora`n	3	Proper noun
عَنِيد	Eaniyd	3	Adjective
عِير	Eiyr	3	Noun
عِين	Eiyn	3	Noun
غَآئِبِين	gaA^}ibiyn	3	Noun
غَٰشِيَة	ga`$iyap	3	Noun
غَرُور	garuwr	3	Noun
غَفَّار	gaf~aAr	3	Adjective
غَمْرَة	gamorap	3	Noun
غَنَم	ganam	3	Noun
غَيْث	gayov	3	Noun
غَيْر	gayor	3	Adjective
فَٰكِهِين	fa`kihiyn	3	Noun
فَتَىٰ	fataY`	3	Noun
فَتِيل	fatiyl	3	Noun
فِتْيَة	fitoyap	3	Noun
فُجَّار	fuj~aAr	3	Noun
فِدْيَة	fidoyap	3	Noun
فُرَات	furaAt	3	Adjective
فِرَٰش	fira`$	3	Noun
فَرْد	farod	3	Noun
فِسْق	fisoq	3	Noun
فِصَال	fiSaAl	3	Noun
فَوَٰكِه	fawa`kih	3	Noun
قَٰسِيَة	qa`siyap	3	Noun
قَٰصِرَٰت	qa`Sira`t	3	Noun
قَاهِر	qaAhir	3	Noun
قُبُل	qubul	3	Noun
قَدِيم	qadiym	3	Adjective
قُرْبَان	qurobaAn	3	Noun
قَرْح	qaroH	3	Noun
قِرَدَة	qiradap	3	Noun
قُرَّة	qur~ap	3	Noun
قِسْمَة	qisomap	3	Noun
قِنطَار	qinTaAr	3	Noun
قَوَارِيرَا	qawaAriyraA	3	Noun
قَوَاعِد	qawaAEid	3	Noun
قَوَّٰمِين	qaw~a`miyn	3	Noun
قَيُّوم	qay~uwm	3	Adjective
كَاشِف	kaA$if	3	Noun
كَذَّاب	ka*~aAb	3	Adjective
كُرْه	kuroh	3	Noun
كَظِيم	kaZiym	3	Noun
كُفُور	kufuwr	3	Noun
كَى	kaY	3	Negative particle
كَيْف	kayof	3	Noun
لَٰعِبِين	la`Eibiyn	3	Noun
لَطِيف	laTiyf	3	Noun
لَهَب	lahab	3	Noun
مَٰلِك	ma`lik	3	Noun
مُّبَٰرَكَة	m~uba`rakap	3	Noun
مُبَدِّل	mubad~il	3	Noun
مُبْصِرَة	muboSirap	3	Noun
مُتَّخِذ	mut~axi*	3	Noun
مُّتَرَبِّص	m~utarab~iS	3	Noun
مَثْنَىٰ	mavonaY`	3	Noun
مَحِلّ	maHil~	3	Noun
مَحِيض	maHiyD	3	Noun
مُخْرِج	muxorij	3	Noun
مَدَآئِن	madaA^}in	3	Noun
مَّدْحُور	m~adoHuwr	3	Noun
مُّدْخَل	m~udoxal	3	Noun
مِّدْرَار	m~idoraAr	3	Noun
مَذْمُوم	ma*omuwm	3	Noun
مُرْسَىٰ	murosaY`	3	Noun
مِزَاج	mizaAj	3	Noun
مُّسْتَقِرّ	m~usotaqir~	3	Noun
مُسَخَّرَٰت	musax~ara`t	3	Noun
مُسْرِف	musorif	3	Adjective
مَسْطُور	masoTuwr	3	Noun
مُّسَلَّمَة	m~usal~amap	3	Adjective
مَّسْنُون	m~asonuwn	3	Noun
مَشْحُون	ma$oHuwn	3	Noun
مَّشْرَب	m~a$orab	3	Noun
مُشْرِكَٰت	mu$orika`t	3	Noun
مَشْهُود	ma$ohuwd	3	Noun
مَشْـَٔمَة	ma$o_#amap	3	Noun
مُصْفَرّ	muSofar~	3	Noun
مُصَلِّين	muSal~iyn	3	Noun
مَضَاجِع	maDaAjiE	3	Noun
مُضْغَة	muDogap	3	Noun
مُّضِلّ	m~uDil~	3	Noun
مُعَٰجِزِين	muEa`jiziyn	3	Noun
مَعْذِرَة	maEo*irap	3	Noun
مَعْشَر	maEo$ar	3	Noun
مَعِيشَة	maEiy$ap	3	Noun
مَّعِين	m~aEiyn	3	Noun
مَّغْرَم	m~agoram	3	Noun
مَفَاتِح	mafaAtiH	3	Noun
مُقَام	muqaAm	3	Noun
مِقْدَار	miqodaAr	3	Noun
مُقْسِطِين	muqosiTiyn	3	Noun
مَّكْنُون	m~akonuwn	3	Noun
مَّكِين	m~akiyn	3	Adjective
مَّلْجَإ	m~aloja<	3	Noun
مُّلْقُون	m~uloquwn	3	Noun
مَمَات	mamaAt	3	Noun
مُنتَقِمُون	muntaqimuwn	3	Noun
مُنتَهَىٰ	muntahaY`	3	Noun
مُنقَلِبُون	munqalibuwn	3	Noun
مُنكِرُون	munkiruwn	3	Noun
مُّهْتَد	m~uhotad	3	Noun
مُهْطِعِين	muhoTiEiyn	3	Noun
مُهْل	muhol	3	Noun
مَّهِين	m~ahiyn	3	Adjective
مَّوَاضِع	m~awaADiE	3	Noun
مَوْتَت	mawotat	3	Noun
مُؤْتَفِكَة	mu&otafikap	3	Noun
مَّوْثِق	m~awoviq	3	Noun
مَوْلُود	mawoluwd	3	Noun
مَيْسِر	mayosir	3	Noun
مَيْمَنَة	mayomanap	3	Noun
نَاصِيَة	naASiyap	3	Noun
نَسَب	nasab	3	Noun
نَّشْأَة	n~a$o>ap	3	Noun
نُصُب	nuSub	3	Noun
نِفَاق	nifaAq	3	Noun
نَفَر	nafar	3	Noun
نَكَٰل	naka`l	3	Noun
نُّكْر	n~ukor	3	Adjective
نَوْم	nawom	3	Noun
هُود	huwd2	3	Proper noun
هُون	huwn	3	Noun
هَيِّن	hay~in	3	Noun
وَابِل	waAbil	3	Noun
وَارِد	waArid	3	Noun
وَٰسِعَة	wa`siEap	3	Noun
وَاق	waAq	3	Noun
وَزْن	wazon	3	Noun
وِعَآء	wiEaA^'	3	Noun
وَقْت	waqot	3	Noun
يَـُٔوس	ya_#uws	3	Noun
ءَاكِلُون	'aAkiluwn	3	Noun
أَبْرَص	>aboraS	2	Noun
إِبْكَٰر	<iboka`r	2	Noun
إِبِل	<ibil	2	Noun
ٱبْنَت	{bonat	2	Noun
ٱتِّبَاع	{t~ibaAE	2	Noun
أَتْرَاب	>atoraAb	2	Noun
أَتْقَى	>atoqaY	2	Noun
أَثَٰث	>ava`v	2	Noun
أَحَبّ	>aHab~	2	Adjective
أَحْكَم	>aHokam	2	Noun
أَخْدَان	>axodaAn	2	Noun
إِدْرِيس	<idoriys	2	Proper noun
أَذَلّ	>a*al~	2	Noun
أَذِلَّة	>a*il~ap	2	Noun
أَذِلَّة	>a*il~ap	2	Adjective
أَزْلَٰم	>azola`m	2	Noun
ٱسْتِكْبَار	{sotikobaAr	2	Noun
إِسْرَار	<isoraAr	2	Noun
إِسْرَاف	<isoraAf	2	Noun
أَسْرَع	>asoraE	2	Noun
أَسِف	>asif	2	Noun
أَسَف	>asaf	2	Noun
أَسْفَار	>asofaAr	2	Noun
أَسْفَل	>asofal	2	Location adverb
إِسْلَٰم	<isola`m	2	Noun
أَسْوَأ	>asowa>	2	Noun
أَشْتَات	>a$otaAt	2	Noun
أَشِر	>a$ir	2	Adjective
أَصَٰبِع	>aSa`biE	2	Noun
أَصْدَق	>aSodaq	2	Noun
أَصْغَر	>aSogar	2	Noun
أَصْفَاد	>aSofaAd	2	Noun
أَضْعَف	>aDoEaf	2	Noun
أَضْغَٰن	>aDoga`n	2	Noun
أَعْجَاز	>aEojaAz	2	Noun
أَعْجَمِىّ	>aEojamiY~	2	Noun
إِعْرَاض	<iEoraAD	2	Noun
أَعْرَاف	>aEoraAf	2	Noun
أَعْرَج	>aEoraj	2	Noun
أَعْظَم	>aEoZam	2	Noun
أَعْلَٰم	>aEola`m	2	Noun
أَعْلَوْن	>aEolawon	2	Noun
أَفَّاك	>af~aAk	2	Noun
ٱفْتِرَآء	{fotiraA^'	2	Noun
إِقَام	<iqaAm	2	Noun
أَقْرَب	>aqorab	2	Adjective
أَقْسَط	>aqosaT	2	Noun
أَقْصَا	>aqoSaA	2	Noun
أَقْطَار	>aqoTaAr	2	Noun
أَقَلّ	>aqal~	2	Noun
أَكْثَر	>akovar	2	Adjective
إِكْرَام	<ikoraAm	2	Noun
إِكْرَاه	<ikoraAh	2	Noun
أَكْمَام	>akomaAm	2	Noun
أَكْمَه	>akomah	2	Noun
إِلّ	<il~	2	Noun
إِلَٰف	<ila`f	2	Noun
ٱلْيَسَعَ	{loyasaEa	2	Proper noun
أَمَٰنَت	>ama`nat	2	Noun
أَمَل	>amal	2	Noun
إِمْلَٰق	<imola`q	2	Noun
أَمَنَة	>amanap	2	Noun
أُمِّىّ	>um~iY~	2	Adjective
أَمَة	>amap	2	Noun
أَنف	>anf	2	Noun
أَنفَال	>anfaAl	2	Noun
أَوَّٰه	>aw~a`h	2	Noun
أَوْدِيَة	>awodiyap	2	Noun
أَوْسَط	>awosaT	2	Noun
أَوَّل	>aw~al	2	Time adverb
أُولَآء	>uwlaA^'	2	Relative pronoun
أُولَآء	>uwlaA^'	2	Demonstrative pronoun
أَوْلَىٰ	>awolaY`	2	Adjective
أَيَّتُهَا	>ay~atuhaA	2	Noun
أَيْيد	>ayoyd	2	Noun
بَٰخِع	ba`xiE	2	Noun
بَارِد	baArid	2	Noun
بَارِئ	baAri}	2	Noun
بَٰقِيَٰت	ba`qiya`t	2	Noun
بَاقِين	baAqiyn	2	Noun
بَاقِيَة	baAqiyap	2	Noun
بَٰلِغَة	ba`ligap	2	Adjective
بُخْل	buxol	2	Noun
بَدِيع	badiyE	2	Noun
بَرَآءَة	baraA^'ap	2	Noun
بَرْد	barod	2	Noun
بَرِيَّة	bariy~ap	2	Noun
بَشِير	ba$iyr	2	Adjective
بَصطَة	baSTap	2	Noun
بِضْع	biDoE	2	Noun
بِطَانَة	biTaAnap	2	Noun
بَطْشَة	baTo$ap	2	Noun
بَعِير	baEiyr	2	Noun
بَغِيّ	bagiy~	2	Noun
بَقَرَٰت	baqara`t	2	Noun
بِكْر	bikor	2	Adjective
بِنَآء	binaA^'	2	Noun
بَنَان	banaAn	2	Noun
بَهِيج	bahiyj	2	Adjective
بُور	buwr	2	Adjective
بَيَٰت	baya`t	2	Noun
تَّابُوت	t~aAbuwt	2	Noun
تَأْثِيم	ta>oviym	2	Noun
تَارَة	taArap	2	Noun
تُبَّع	tub~aE	2	Proper noun
تَبَع	tabaE	2	Noun
تَتْبِير	tatobiyr	2	Noun
تَثْبِيت	tavobiyt	2	Noun
تَدْمِير	tadomiyr	2	Noun
تَرَاض	taraAD	2	Noun
تَرْتِيل	tarotiyl	2	Noun
تَسْبِيح	tasobiyH	2	Noun
تِسْعَة	tisoEap	2	Noun
تَصْدِيق	taSodiyq	2	Noun
تَصْرِيف	taSoriyf	2	Noun
تَفْجِير	tafojiyr	2	Noun
تَفْضِيل	tafoDiyl	2	Noun
تَّكَاثُر	t~akaAvur	2	Noun
تِلْقَآء	tiloqaA^'	2	Noun
تِلْكُم	tilokum	2	Demonstrative pronoun
تَّمَاثِيل	t~amaAviyl	2	Noun
تَّنُّور	t~an~uwr	2	Noun
تَوْفِيق	tawofiyq	2	Noun
ثَابِت	vaAbit	2	Noun
ثَالِث	vaAliv	2	Noun
ثَانِى	vaAniY	2	Noun
ثُعْبَان	vuEobaAn	2	Noun
ثُلَٰث	vula`v	2	Noun
جُبّ	jub~	2	Noun
جِبِلَّة	jibil~ap	2	Noun
جِثِيّ	jiviy~	2	Noun
جِدَار	jidaAr	2	Noun
جِدَال	jidaAl	2	Noun
جَدَل	jadal	2	Noun
جَرَاد	jaraAd	2	Noun
جُرُز	juruz	2	Adjective
جِسْم	jisom	2	Noun
جَلَٰل	jala`l	2	Noun
جَلْدَة	jalodap	2	Noun
جُنَّة	jun~ap	2	Noun
جَهَاز	jahaAz	2	Noun
جَوَار	jawaAr	2	Adjective
حَٰسِبِين	Ha`sibiyn	2	Noun
حَٰش	Ha`$	2	Noun
حَٰفِظَٰت	Ha`fiZa`t	2	Noun
حَامِيَة	HaAmiyap	2	Adjective
حَجَر	Hajar	2	Noun
حَذَر	Ha*ar	2	Noun
حُرّ	Hur~	2	Noun
حُرُمَٰت	Huruma`t	2	Noun
حُزْن	Huzon	2	Noun
حَشْر	Ha$or	2	Noun
حَطَب	HaTab	2	Noun
حُطَمَة	HuTamap	2	Noun
حِطَّة	HiT~ap	2	Noun
حَفِيّ	Hafiy~	2	Noun
حَمِيَّة	Hamiy~ap	2	Noun
حَنَاجِر	HanaAjir	2	Noun
حَيْث	Hayov2	2	Conditional particle
خَآئِنَة	xaA^}inap	2	Noun
خَاسِئ	xaAsi}	2	Adjective
خَال	xaAl	2	Noun
خَالِص	xaAliS	2	Noun
خَٰمِدِين	xa`midiyn	2	Noun
خَٰمِسَة	xa`misap	2	Noun
خَبَال	xabaAl	2	Noun
خُبْر	xubor	2	Noun
خَبَر	xabar	2	Noun
خَبِيثَٰت	xabiyva`t	2	Noun
خَرْج	xaroj	2	Noun
خَرْدَل	xarodal	2	Noun
خُسْر	xusor	2	Noun
خَطِيٓـَٰٔت	xaTiy^_#a`t	2	Noun
خَطَـٔ	xaTa_#	2	Noun
خَفِىّ	xafiY~	2	Adjective
خُفْيَة	xufoyap	2	Noun
خَلَّٰق	xal~a`q	2	Noun
خُلُق	xuluq	2	Noun
خَمْسِين	xamosiyn	2	Noun
خُوَار	xuwaAr	2	Noun
خَوَالِف	xawaAlif	2	Noun
خَوْض	xawoD	2	Noun
خِيَانَة	xiyaAnap	2	Noun
خِيَرَة	xiyarap	2	Noun
خَيْط	xayoT	2	Noun
دَآئِم	daA^}im	2	Noun
دَٰخِلُون	da`xiluwn	2	Noun
دَافِع	daAfiE	2	Noun
دَانِيَة	daAniyap	2	Noun
دُخَان	duxaAn	2	Noun
دَخَل	daxal	2	Noun
دَفْع	dafoE	2	Noun
دَّمْع	d~amoE	2	Noun
دَّهْر	d~ahor	2	Noun
دِيَة	diyap	2	Noun
ذَآئِقُوا	*aA^}iquwA	2	Noun
ذَّٰكِرِين	*~a`kiriyn	2	Noun
ذُبَاب	*ubaAb	2	Noun
ذِرَاع	*iraAE	2	Noun
ذِمَّة	*im~ap	2	Noun
ذَنُوب	*anuwb	2	Noun
ذُو	*uw	2	Location adverb
رَابِع	raAbiE	2	Noun
رَّٰسِخُون	r~a`sixuwn	2	Noun
رَاضِيَة	raADiyap	2	Adjective
رَاضِيَة	raADiyap	2	Noun
رَٰعُون	ra`Euwn	2	Noun
رَأْفَة	ra>ofap	2	Noun
رَأْى	ra>oY	2	Noun
رُبَٰع	ruba`E	2	Noun
رُّبُع	r~ubuE	2	Noun
رَبْوَة	rabowap	2	Noun
رَجِيم	rajiym	2	Noun
رَدّ	rad~	2	Noun
رَّسّ	r~as~	2	Noun
رَّشَاد	r~a$aAd	2	Noun
رَّشِيد	r~a$iyd	2	Adjective
رَّضَاعَة	r~aDaAEap	2	Noun
رَعْد	raEod	2	Noun
رَغَد	ragad	2	Adjective
رُفَٰت	rufa`t	2	Noun
رَفَث	rafav	2	Noun
رُكْن	rukon	2	Noun
رَمِيم	ramiym	2	Noun
رَهَق	rahaq	2	Noun
رَّيْحَان	r~ayoHaAn	2	Noun
زُجَاجَة	zujaAjap	2	Noun
زَجْرَة	zajorap	2	Noun
زَعْم	zaEom	2	Noun
زَعِيم	zaEiym	2	Noun
زِلْزَال	zilozaAl	2	Noun
زُلْفَة	zulofap	2	Noun
زُمَر	zumar	2	Noun
زِيَادَة	ziyaAdap	2	Noun
سَآئِغ	saA^}ig	2	Noun
سَادِس	saAdis	2	Noun
سَاهُون	saAhuwn	2	Noun
سَبَإ	saba<	2	Proper noun
سُبَات	subaAt	2	Noun
سَبْح	saboH	2	Noun
سُّجُود	s~ujuwd	2	Adjective
سِجِّين	sij~iyn	2	Noun
سِخْرِيّ	sixoriy~	2	Noun
سِدْر	sidor	2	Noun
سِدْرَة	sidorap	2	Noun
سَدِيد	sadiyd	2	Adjective
سَّرَّآء	s~ar~aA^'	2	Noun
سَرَاب	saraAb	2	Noun
سَرَاح	saraAH	2	Noun
سِرَاع	siraAE	2	Noun
سَرْمَد	saromad	2	Noun
سَرِيع	sariyE	2	Adjective
سُعُر	suEur	2	Noun
سَفَاهَة	safaAhap	2	Noun
سِقَايَة	siqaAyap	2	Noun
سَقِيم	saqiym	2	Noun
سَكْرَة	sakorap	2	Noun
سُلَٰلَة	sula`lap	2	Noun
سُلَّم	sul~am	2	Noun
سَّلْم	s~alom	2	Noun
سَلِيم	saliym	2	Noun
سَمِيّ	samiy~	2	Noun
سِّنّ	s~in~	2	Noun
سُنبُلَٰت	sunbula`t	2	Noun
سُنبُلَة	sunbulap	2	Noun
سَوِيّ	sawiy~	2	Noun
سَوْءَة	sawo'ap	2	Noun
سَيْر	sayor	2	Noun
سَيْل	sayol	2	Noun
شَٰفِعِين	$a`fiEiyn	2	Noun
شَاهِد	$aAhid	2	Adjective
شَتَّىٰ	$at~aY`	2	Noun
شُحّ	$uH~	2	Adjective
شَطَط	$aTaT	2	Noun
شِّعْر	$~iEor	2	Noun
شَفَا	$afaA	2	Noun
شَقِيّ	$aqiy~	2	Noun
شَقِيّ	$aqiy~	2	Adjective
شُكُور	$ukuwr	2	Noun
شَمَآئِل	$amaA^}il	2	Noun
شَنَـَٔان	$ana_#aAn	2	Noun
شَهْوَة	$ahowap	2	Noun
شَهِيق	$ahiyq	2	Noun
صَالُوا	SaAluwA	2	Noun
صِبْغَة	Sibogap	2	Noun
صَبِيّ	Sabiy~	2	Noun
صَخْرَة	Saxorap	2	Noun
صَدّ	Sad~	2	Noun
صَدِيق	Sadiyq	2	Noun
صَفْح	SafoH	2	Noun
صُّلْب	S~ulob	2	Noun
صُلْح	SuloH	2	Noun
صُنْع	SunoE	2	Noun
صِنْوَان	SinowaAn	2	Noun
صَىٰحِب	SaY`Hib	2	Noun
ضَآرّ	DaA^r~	2	Noun
ضُحًى	DuHFY	2	Time adverb
ضِرَار	DiraAr	2	Noun
ضَيْق	Dayoq	2	Noun
طَارِد	TaArid	2	Noun
طَّارِق	T~aAriq	2	Noun
طَٰغِين	Ta`giyn	2	Adjective
طَاقَة	TaAqap	2	Noun
طَالُوت	TaAluwt	2	Proper noun
طَبَق	Tabaq	2	Adjective
طَبَق	Tabaq	2	Noun
طَرِيّ	Tariy~	2	Adjective
طَّلَٰق	T~ala`q	2	Noun
طُلُوع	TuluwE	2	Noun
طَهُور	Tahuwr	2	Adjective
طُّوفَان	T~uwfaAn	2	Noun
طُوًى	TuwFY	2	Noun
طَوِيل	Tawiyl	2	Adjective
ظَالِمِىٓ	ZaAlimiY^	2	Noun
ظَٰهِرَة	Za`hirap	2	Noun
ظَلُوم	Zaluwm	2	Noun
ظَلِيل	Zaliyl	2	Adjective
ظَهِير	Zahiyr	2	Adjective
عَارِض	EaAriD	2	Noun
عَالِيَة	EaAliyap	2	Adjective
عُتُوّ	Eutuw~	2	Noun
عِتِيّ	Eitiy~	2	Noun
عَتِيق	Eatiyq	2	Adjective
عِجَاف	EijaAf	2	Adjective
عَجَب	Eajab	2	Noun
عَجِيب	Eajiyb	2	Adjective
عَدّ	Ead~	2	Noun
عَدْو	Eadow	2	Noun
عُدْوَة	Eudowap	2	Noun
عَذْب	Ea*ob	2	Noun
عُذْر	Eu*or	2	Noun
عَرَآء	EaraA^'	2	Noun
عُرْف	Eurof	2	Noun
عُرْوَة	Eurowap	2	Noun
عُسْرَة	Eusorap	2	Noun
عَسِير	Easiyr	2	Adjective
عِشَآء	Ei$aA^'	2	Noun
عَشَرَة	Ea$arap	2	Noun
عَشِىّ	Ea$iY~	2	Time adverb
عَصْف	EaSof	2	Noun
عِصِيّ	EiSiy~	2	Noun
عَضُد	EaDud	2	Noun
عَظْم	EaZom	2	Noun
عَفْو	Eafow	2	Noun
عَقَبَة	Eaqabap	2	Noun
عَلَّٰم	Eal~a`m	2	Noun
عَلَّٰم	Eal~a`m	2	Adjective
عُلْيَا	EuloyaA	2	Adjective
عِلِّيِّين	Eil~iy~iyn	2	Noun
عَمّ	Eam~	2	Noun
عُمْرَة	Eumorap	2	Noun
عَمًى	EamFY	2	Noun
عَنكَبُوت	Eankabuwt	2	Noun
عِهْن	Eihon	2	Noun
عِيشَة	Eiy$ap	2	Noun
غَآئِط	gaA^}iT	2	Noun
غَافِر	gaAfir	2	Noun
غُثَآء	guvaA^'	2	Noun
غَدَوٰة	gadaw`p	2	Noun
غُرَاب	guraAb	2	Noun
غُرُوب	guruwb	2	Noun
غَسَّاق	gas~aAq	2	Noun
غِشَٰوَة	gi$a`wap	2	Noun
غَضْبَٰن	gaDoba`n	2	Noun
غِطَآء	giTaA^'	2	Noun
غَفَّار	gaf~aAr	2	Noun
غُلْف	gulof	2	Noun
غَوْر	gawor	2	Noun
غَيَٰبَت	gaya`bat	2	Noun
فَالِق	faAliq	2	Noun
فَتَيَٰت	fataya`t	2	Noun
فَجّ	faj~	2	Noun
فُرَٰدَىٰ	fura`daY`	2	Noun
فِرَاق	firaAq	2	Noun
فِرْدَوْس	firodawos	2	Proper noun
فَزَع	fazaE	2	Noun
فَعَّال	faE~aAl	2	Noun
فَقِير	faqiyr	2	Adjective
فَلَك	falak	2	Noun
قَٰسِطُون	qa`siTuwn	2	Noun
قَٰنِتَٰت	qa`nita`t	2	Noun
قَبَس	qabas	2	Noun
قَبْضَة	qaboDap	2	Noun
قِبَل	qibal	2	Location adverb
قِبَل	qibal	2	Noun
قَبِيل	qabiyl	2	Noun
قُدُّوس	qud~uws	2	Adjective
قِرْطَاس	qiroTaAs	2	Noun
قُرْءَان	quro'aAn	2	Noun
قِسْطَاس	qisoTaAs	2	Noun
قَسَم	qasam	2	Noun
قِطْر	qiTor	2	Noun
قِطَع	qiTaE	2	Noun
قِطْع	qiToE	2	Noun
قُطُوف	quTuwf	2	Noun
قَلَٰٓئِد	qala`^}id	2	Noun
قَوِىّ	qawiY~	2	Adjective
كَٰظِمِين	ka`Zimiyn	2	Noun
كَاهِن	kaAhin	2	Noun
كِبْر	kibor	2	Noun
كِبْرِيَآء	kiboriyaA^'	2	Noun
كَثْرَة	kavorap	2	Noun
كِذَّاب	ki*~aAb	2	Noun
كَذَّاب	ka*~aAb	2	Noun
كُرْسِيّ	kurosiy~	2	Noun
كَرِيم	kariym	2	Noun
كُسَالَىٰ	kusaAlaY`	2	Noun
كِسْوَت	kisowat	2	Noun
كَعْبَة	kaEobap	2	Proper noun
كَفَّي	kaf~ay	2	Noun
كَلَٰلَة	kala`lap	2	Noun
كَهْل	kahol	2	Noun
لَّبَن	l~aban	2	Noun
لَدَى	ladaY	2	Location adverb
لَذَّة	la*~ap	2	Adjective
لِزَام	lizaAm	2	Noun
لُّغُوب	l~uguwb	2	Noun
لُقْمَٰن	luqoma`n	2	Proper noun
لَّمَّا	l~am~aA	2	Exceptive particle
لَمْح	lamoH	2	Noun
لَيْل	layol	2	Time adverb
مَآئِدَة	maA^}idap	2	Noun
مَأْجُوج	ma>ojuwj	2	Proper noun
مَّٰكِثِين	m~a`kiviyn	2	Noun
مَٰكِرِين	ma`kiriyn	2	Noun
مَالِـُٔون	maAli_#uwn	2	Noun
مُبَارَك	mubaArak	2	Adjective
مُبْتَلِي	mubotaliy	2	Noun
مُّبَيِّنَٰت	m~ubay~ina`t	2	Adjective
مُّبَيِّنَة	m~ubay~inap	2	Adjective
مَتَاب	mataAb	2	Noun
مُّتَّبَعُون	m~ut~abaEuwn	2	Noun
مُتَتَابِعَيْن	mutataAbiEayon	2	Adjective
مُتَصَدِّقِين	mutaSad~iqiyn	2	Noun
مُّتَعَمِّد	m~utaEam~id	2	Noun
مَتِين	matiyn	2	Noun
مَّثَانِى	m~avaAniY	2	Noun
مُّثْقَلُون	m~uvoqaluwn	2	Noun
مَثُوبَة	mavuwbap	2	Noun
مَجْمَع	majomaE	2	Noun
مَّجْمُوع	m~ajomuwE	2	Noun
مُّجِيب	m~ujiyb	2	Noun
مَّحْجُور	m~aHojuwr	2	Noun
مُحْدَث	muHodav	2	Noun
مُّحْصِنِين	m~uHoSiniyn	2	Noun
مُحْى	muHoY	2	Noun
مَّحْيَا	m~aHoyaA	2	Noun
مُحِيطَة	muHiyTap	2	Noun
مُخْتَال	muxotaAl	2	Adjective
مُخَلَّقَة	muxal~aqap	2	Noun
مَخْمَصَة	maxomaSap	2	Noun
مَدّ	mad~	2	Noun
مَدِينِين	madiyniyn	2	Noun
مُرْتَفَق	murotafaq	2	Noun
مَرْجَان	marojaAn	2	Noun
مَرَح	maraH	2	Noun
مَرْحَب	maroHab	2	Noun
مَرْدُود	maroduwd	2	Noun
مِرْصَاد	miroSaAd	2	Noun
مَرْعَىٰ	maroEaY`	2	Noun
مَّرْفُوعَة	m~arofuwEap	2	Adjective
مَّرْقُوم	m~aroquwm	2	Adjective
مَّرِيد	m~ariyd	2	Adjective
مَّزِيد	m~aziyd	2	Noun
مَسّ	mas~	2	Noun
مُسَٰفِحِين	musa`fiHiyn	2	Noun
مُسَبِّحُون	musab~iHuwn	2	Noun
مَسْبُوقِين	masobuwqiyn	2	Noun
مُسْتَعَان	musotaEaAn	2	Noun
مُّسْتَمِرّ	m~usotamir~	2	Noun
مُسْتَمِع	musotamiE	2	Noun
مُسْتَهْزِءُون	musotahozi'uwn	2	Noun
مُسْتَوْدَع	musotawodaE	2	Noun
مُسَحَّرِين	musaH~ariyn	2	Noun
مَسْرُور	masoruwr	2	Noun
مَسْكَنَة	masokanap	2	Noun
مُسْوَدّ	musowad~	2	Noun
مُّسَوَّمَة	m~usaw~amap	2	Noun
مُشْتَرِكُون	mu$otarikuwn	2	Noun
مُّشْرِقِين	m~u$oriqiyn	2	Noun
مُشْرِكَة	mu$orikap	2	Noun
مَّشْكُور	m~a$okuwr	2	Noun
مُصْرِخ	muSorix	2	Noun
مُصَيْطِر	muSayoTir	2	Noun
مُطَلَّقَٰت	muTal~aqa`t	2	Noun
مُطْمَئِنّ	muToma}in~	2	Noun
مُظْلِم	muZolim	2	Noun
مَعَاذ	maEaA*	2	Noun
مَعَارِج	maEaArij	2	Noun
مَعَٰيِش	maEa`yi$	2	Noun
مُعْتَد	muEotad	2	Noun
مَعْصِيَت	maEoSiyat	2	Noun
مَّعْلُوم	m~aEoluwm	2	Adjective
مَّعْلُومَٰت	m~aEoluwma`t	2	Adjective
مَغْلُولَة	magoluwlap	2	Noun
مُّغْنُون	m~ugonuwn	2	Noun
مَفَازَة	mafaAzap	2	Noun
مُفْتَرُون	mufotaruwn	2	Noun
مُّفْتَرًى	m~ufotarFY	2	Noun
مَّفْرُوض	m~aforuwD	2	Adjective
مَقَالِيد	maqaAliyd	2	Noun
مُّقْتَصِد	m~uqotaSid	2	Noun
مُقَدَّس	muqad~as	2	Adjective
مُّقَرَّنِين	m~uqar~aniyn	2	Noun
مَّقْضِيّ	m~aqoDiy~	2	Adjective
مُّقِيم	m~uqiym	2	Adjective
مَّكَان	m~akaAn	2	Location adverb
مِكْيَال	mikoyaAl	2	Noun
مُلَٰقِي	mula`qiy	2	Noun
مُلْتَحَد	mulotaHad	2	Noun
مِلْح	miloH	2	Noun
مَلِك	malik	2	Adjective
مُلِيم	muliym	2	Noun
مَّمْدُود	m~amoduwd	2	Adjective
مُمَزَّق	mumaz~aq	2	Noun
مَنَازِل	manaAzil	2	Noun
مَّنَّاع	m~an~aAE	2	Adjective
مُنَجُّو	munaj~uw	2	Noun
مُنزَل	munzal	2	Noun
مَنشُور	man$uwr	2	Noun
مَنصُور	manSuwr	2	Noun
مُنقَلَب	munqalab	2	Noun
مَهْلِك	maholik	2	Noun
مَوَاخِر	mawaAxir	2	Noun
مَوَٰلِى	mawa`liY	2	Noun
مُؤَذِّن	mu&a*~in	2	Noun
مُوسِع	muwsiE	2	Noun
مُّؤْمِنَة	m~u&ominap	2	Noun
مِيرَٰث	miyra`v	2	Noun
مَيْل	mayol	2	Noun
نَآئِمُون	naA^}imuwn	2	Noun
نَادِي	naAdiy	2	Noun
نَاظِرَة	naAZirap	2	Noun
نَافِلَة	naAfilap	2	Noun
نَجِيّ	najiy~	2	Noun
نَّخْلَة	n~axolap	2	Noun
نِدَآء	nidaA^'	2	Noun
نَّدَامَة	n~adaAmap	2	Noun
نَّذْر	n~a*or	2	Noun
نَزْغ	nazog	2	Noun
نَسْف	nasof	2	Noun
نُسُك	nusuk	2	Noun
نَسْل	nasol	2	Noun
نُشُوز	nu$uwz	2	Noun
نَضْرَة	naDorap	2	Noun
نُّعَاس	n~uEaAs	2	Noun
نَّعْمَة	n~aEomap	2	Noun
نَفَقَة	nafaqap	2	Noun
نَقْص	naqoS	2	Noun
نَقْض	naqoD	2	Noun
نَقِير	naqiyr	2	Noun
نَّمْل	n~amol	2	Noun
نُّهَىٰ	n~uhaY`	2	Noun
هَادِي	haAdiy	2	Noun
هَٰذَٰن	ha`*a`n	2	Demonstrative pronoun
هَالِك	haAlik	2	Noun
هَبَآء	habaA^'	2	Noun
هَدِيَّة	hadiy~ap	2	Noun
هَشِيم	ha$iym	2	Noun
هَنِيٓـٔ	haniy^_#	2	Adjective
هَنِيٓـٔ	haniy^_#	2	Noun
هَيْهَات	hayohaAt	2	Noun
هَيْـَٔة	hayo_#ap	2	Noun
وَاصِب	waASib	2	Noun
وَاقِعَة	waAqiEap	2	Noun
وَٰلِدَة	wa`lidap	2	Noun
وَثَاق	wavaAq	2	Noun
وُثْقَىٰ	wuvoqaY`	2	Adjective
وَجِيه	wajiyh	2	Noun
وَدْق	wadoq	2	Noun
وِرْد	wirod	2	Noun
وَرَق	waraq	2	Noun
وَزِير	waziyr	2	Noun
وَسِيلَة	wasiylap	2	Noun
وَطَر	waTar	2	Noun
وَلَٰيَت	wala`yat	2	Noun
وَهَّاب	wah~aAb	2	Noun
وَهْن	wahon	2	Noun
وَيْكَأَنّ	wayoka>an~	2	Accusative particle
يَابِسَٰت	yaAbisa`t	2	Adjective
يَأْجُوج	ya>ojuwj	2	Proper noun
يَتِيم	yatiym	2	Adjective
يُسْرَىٰ	yusoraY`	2	Noun
يَقِين	yaqiyn	2	Adjective
يَنبُوع	yanbuwE	2	Noun
ءَازِفَة	'aAzifap	2	Noun
ءَامِن	'aAmin	2	Adjective
ءَانَآء	'aAnaA^'	2	Noun
آخِر	A^xir	1	Time adverb
آزَر	A^zar	1	Proper noun
آمِّين	A^m~iyn	1	Noun
أَبّ	>ab~	1	Noun
أَبَابِيل	>abaAbiyl	1	Adjective
أَبَارِيق	>abaAriyq	1	Noun
أَبْتَر	>abotar	1	Noun
ٱتِّخَاذ	{t~ixaA*	1	Noun
أَتْرَاب	>atoraAb	1	Adjective
أَثَٰرَة	>ava`rap	1	Noun
أَثَام	>avaAm	1	Noun
أَثْل	>avol	1	Noun
أَجْدَر	>ajodar	1	Noun
إِجْرَام	<ijoraAm	1	Noun
أَجْل	>ajol	1	Noun
أَجِنَّة	>ajin~ap	1	Noun
أَحَبّ	>aHab~	1	Noun
أَحِبَّٰٓؤ	>aHib~a`^&	1	Noun
أَحْرَص	>aHoraS	1	Noun
أَحْسَن	>aHosan	1	Adjective
أَحْصَىٰ	>aHoSaY`2	1	Noun
أَحْقَاب	>aHoqaAb	1	Time adverb
أَحْقَاف	>aHoqaAf	1	Proper noun
أَحْمَال	>aHomaAl	1	Noun
أَحْمَد	>aHomad	1	Proper noun
أَحْوَىٰ	>aHowaY`	1	Adjective
ٱخْتِلَٰق	{xotila`q	1	Noun
أُخْدُود	>uxoduwd	1	Noun
أَخْزَىٰ	>axozaY`	1	Noun
أَخْضَر	>axoDar	1	Adjective
أَخْفَى	>axofaY	1	Noun
إِدّ	<id~	1	Adjective
أَدَآء	>adaA^'	1	Noun
إِدْبَٰر	<idoba`r	1	Noun
أَدْنَىٰ	>adonaY`	1	Adjective
أَدْنَىٰ	>adonaY`	1	Time adverb
أَدْهَىٰ	>adohaY`	1	Adjective
إِذَا	<i*aA	1	Conditional particle
أَذَٰن	>a*a`n	1	Noun
أَرْبَع	>arobaE	1	Time adverb
إِرْبَة	<irobap	1	Noun
أَرْجَآئ	>arojaA^}	1	Noun
إِرْصَاد	<iroSaAd	1	Noun
إِرَم	<iram	1	Proper noun
أَزّ	>az~	1	Noun
أَزْر	>azor	1	Noun
ٱسْتِبْدَال	{sotibodaAl	1	Noun
ٱسْتِحْيَآء	{sotiHoyaA^'	1	Noun
ٱسْتِعْجَال	{sotiEojaAl	1	Noun
ٱسْتِغْفَار	{sotigofaAr	1	Noun
أَسْر	>asor	1	Noun
أَسْفَل	>asofal	1	Adjective
أَسْوَد	>asowad	1	Adjective
أَشْرَاط	>a$oraAT	1	Noun
إِشْرَاق	<i$oraAq	1	Noun
أَشَقّ	>a$aq~	1	Adjective
إِصْبَاح	<iSobaAH	1	Noun
أَصْوَاف	>aSowaAf	1	Noun
أَطْغَىٰ	>aTogaY`	1	Noun
أَطْوَار	>aTowaAr	1	Noun
أَعْجَمِىّ	>aEojamiY~	1	Adjective
أَعْجَمِين	>aEojamiyn	1	Noun
إِعْصَار	<iEoSaAr	1	Noun
أَعْظَم	>aEoZam	1	Adjective
أَفْصَح	>afoSaH	1	Noun
أَفْنَان	>afonaAn	1	Noun
إِقَامَت	<iqaAmat	1	Noun
أَقَاوِيل	>aqaAwiyl	1	Noun
أَقْدَمُون	>aqodamuwn	1	Noun
أَقْصَا	>aqoSaA	1	Adjective
أَقْفَال	>aqofaAl	1	Noun
أَقْنَىٰ	>aqonaY`	1	Noun
أَقْوَٰت	>aqowa`t	1	Noun
أَكَّٰلُون	>ak~a`luwn	1	Noun
أَكْرَم	>akoram	1	Noun
أَكْرَم	>akoram	1	Adjective
أَكْنَٰن	>akona`n	1	Noun
إِلْحَاد	<iloHaAd	1	Noun
إِلْحَاف	<iloHaAf	1	Noun
أَلَدّ	>alad~	1	Noun
ٱلْعُزَّىٰ	{loEuz~aY`	1	Proper noun
أَلْفَاف	>alofaAf	1	Adjective
أَلْقَٰب	>aloqa`b	1	Noun
ٱللَّٰت	{ll~a`t	1	Proper noun
إِلَّم	<il~am	1	Conditional particle
إِمَّا	<im~aA	1	Conditional particle
أَمَّارَة	>am~aArap	1	Noun
أَمَام	>amaAm	1	Time adverb
أَمْت	>amot	1	Noun
أَمْثَل	>amoval	1	Noun
إِمْر	<imor	1	Adjective
أَمَرّ	>amar~	1	Noun
ٱمْرَأ	{mora>	1	Noun
ٱمْرُؤٌا	{moru&NA	1	Noun
إِمْسَاك	<imosaAk	1	Noun
أَمْشَاج	>amo$aAj	1	Adjective
أَمْعَآء	>amoEaA^'	1	Noun
أَنَام	>anaAm	1	Noun
أَنَامِل	>anaAmil	1	Noun
ٱنبِعَاث	{nbiEaAv	1	Noun
إِنسِيّ	<insiy~	1	Noun
إِنشَآء	<in$aA^'	1	Noun
إِنفَاق	<infaAq	1	Noun
ٱنفِصَام	{nfiSaAm	1	Noun
أَنكَٰث	>anka`v	1	Noun
أَنكَال	>ankaAl	1	Noun
أَنكَر	>ankar	1	Noun
إِنَىٰ	<inaY`	1	Noun
أَنَّىٰ	>an~aY`	1	Noun
أَهِلَّة	>ahil~ap	1	Noun
أَهْوَن	>ahowan	1	Noun
أَوَّاب	>aw~aAb	1	Adjective
أَوْبَار	>awobaAr	1	Noun
أَوْفَىٰ	>awofaY`2	1	Noun
أَوْفَىٰ	>awofaY`2	1	Adjective
أَوْلَيَٰن	>awolaya`n	1	Noun
أَوْهَن	>awohan	1	Noun
أَىّ	>aY~	1	Conditional particle
إِى	<iY	1	Answer particle
إِيَاب	<iyaAb	1	Noun
أَيَٰمَىٰ	>aya`maY`	1	Noun
أَيَّان	>ay~aAn	1	Time adverb
أَيْقَاظ	>ayoqaAZ	1	Noun
إِين	<iyn	1	Conditional particle
بَآئِس	baA^}is	1	Noun
بَابِل	baAbil	1	Proper noun
بَاد	baAd	1	Noun
بَادُون	baAduwn	1	Noun
بَادِى	baAdiY	1	Noun
بَٰرِزُون	ba`rizuwn	1	Noun
بَارِزَة	baArizap	1	Noun
بَارِئ	baAri}	1	Adjective
بَازِغ	baAzig	1	Noun
بَازِغَة	baAzigap	1	Noun
بَاسِرَة	baAsirap	1	Noun
بَاسِقَٰت	baAsiqa`t	1	Noun
بَاطِنَة	baATinap	1	Noun
بَاق	baAq	1	Noun
بَٰلِغَة	ba`ligap	1	Noun
بَثّ	bav~	1	Noun
بَحِيرَة	baHiyrap	1	Noun
بَخْس	baxos	1	Adjective
بَخْس	baxos	1	Noun
بِدَار	bidaAr	1	Noun
بَدْر	bador	1	Proper noun
بِدْع	bidoE	1	Noun
بَدَل	badal	1	Adjective
بُدْن	budon	1	Noun
بَدَن	badan	1	Noun
بَدْو	badow	1	Noun
بَرّ	bar~	1	Adjective
بَرَآء	baraA^'	1	Noun
بَرَد	barad	1	Noun
بَرِىٓء	bariY^'	1	Adjective
بَسّ	bas~	1	Noun
بِسَاط	bisaAT	1	Noun
بَسْط	basoT	1	Noun
بَصَل	baSal	1	Noun
بَطَر	baTar	1	Noun
بَعْل	baEol2	1	Proper noun
بَعُوضَة	baEuwDap	1	Noun
بِغَآء	bigaA^'	1	Noun
بِغَال	bigaAl	1	Noun
بُقْعَة	buqoEap	1	Noun
بَقْل	baqol	1	Noun
بِكْر	bikor	1	Noun
بُكْرَة	bukorap	1	Noun
بُكِيّ	bukiy~	1	Noun
بَكَّة	bak~ap	1	Proper noun
بَل	bal	1	Coordinating conjunction
بَلِيغ	baliyg	1	Adjective
بَنَّآء	ban~aA^'	1	Noun
بَهْجَة	bahojap	1	Noun
بَوَار	bawaAr	1	Noun
بَيَٰت	baya`t	1	Time adverb
بِئْر	bi}or	1	Noun
بَيْض	bayoD	1	Noun
بِيَع	biyaE	1	Noun
بَيِّن	bay~in	1	Adjective
بَـِٔيس	ba_#iys	1	Adjective
تَٰٓئِبَٰت	ta`^}iba`t	1	Adjective
تَّٰٓئِبُون	t~a`^}ibuwn	1	Noun
تَّٰلِيَٰت	t~a`liya`t	1	Noun
تَبَاب	tabaAb	1	Noun
تَبَار	tabaAr	1	Noun
تَبْتِيل	tabotiyl	1	Noun
تَبْذِير	tabo*iyr	1	Noun
تَبَرُّج	tabar~uj	1	Noun
تَبْصِرَة	taboSirap	1	Noun
تِبْيَٰن	tiboya`n	1	Noun
تَبِيع	tabiyE	1	Noun
تَتْبِيب	tatobiyb	1	Noun
تَتْرَا	tatoraA	1	Noun
تَثْرِيب	tavoriyb	1	Noun
تَحَاوُر	taHaAwur	1	Noun
تَحَصُّن	taHaS~un	1	Noun
تَحِلَّة	taHil~ap	1	Noun
تَخَاصُم	taxaASum	1	Noun
تَخْسِير	taxosiyr	1	Noun
تَخْفِيف	taxofiyf	1	Noun
تَخَوُّف	taxaw~uf	1	Noun
تَخْوِيف	taxowiyf	1	Noun
تَذْكِير	ta*okiyr	1	Noun
تَذْلِيل	ta*oliyl	1	Noun
تَّرَآئِب	t~araA^}ib	1	Noun
تُّرَاث	t~uraAv	1	Noun
تَّرَاقِى	t~araAqiY	1	Noun
تَرَبُّص	tarab~uS	1	Noun
تَسْرِيح	tasoriyH	1	Noun
تَسْمِيَة	tasomiyap	1	Noun
تَسْنِيم	tasoniym	1	Noun
تَشَاوُر	ta$aAwur	1	Noun
تَصْدِيَة	taSodiyap	1	Noun
تَصْلِيَة	taSoliyap	1	Noun
تَضْلِيل	taDoliyl	1	Noun
تَطْهِير	taTohiyr	1	Noun
تَعْس	taEos	1	Noun
تَّعَفُّف	t~aEaf~uf	1	Noun
تَّغَابُن	t~agaAbun	1	Noun
تَغَيُّظ	tagay~uZ	1	Noun
تَفَاخُر	tafaAxur	1	Noun
تَفَٰوُت	tafa`wut	1	Noun
تَفَث	tafav	1	Noun
تَفْرِيق	taforiyq	1	Noun
تَفْسِير	tafosiyr	1	Noun
تَقْتِيل	taqotiyl	1	Noun
تَقْوِيم	taqowiym	1	Noun
تُقَىٰة	tuqaY`p	1	Noun
تَكْبِير	takobiyr	1	Noun
تَكْذِيب	tako*iyb	1	Noun
تَكْلِيم	takoliym	1	Noun
تَّلَاق	t~alaAq	1	Noun
تِلَاوَت	tilaAwat	1	Noun
تِلْقَآء	tiloqaA^'	1	Location adverb
تَمَام	tamaAm	1	Noun
تَمْهِيد	tamohiyd	1	Noun
تَّنَاد	t~anaAd	1	Noun
تَّنَاوُش	t~anaAwu$	1	Noun
تَنكِيل	tankiyl	1	Noun
تَّهْلُكَة	t~aholukap	1	Noun
تَوَّاب	taw~aAb	1	Adjective
تَّوْب	t~awob	1	Noun
تَوْصِيَة	tawoSiyap	1	Noun
تَوْكِيد	tawokiyd	1	Noun
تِّين	t~iyn	1	Noun
ثَاقِب	vaAqib	1	Noun
ثَاقِب	vaAqib	1	Adjective
ثَّالِثَة	v~aAlivap	1	Noun
ثَامِن	vaAmin	1	Noun
ثَاوِي	vaAwiy	1	Noun
ثُبَات	vubaAt	1	Noun
ثُبُوت	vubuwt	1	Noun
ثَجَّاج	vaj~aAj	1	Adjective
ثَّرَىٰ	v~araY`	1	Noun
ثَقِيل	vaqiyl	1	Noun
ثَلَٰث	vala`v	1	Time adverb
ثَلَٰثَة	vala`vap	1	Time adverb
ثُّلُث	v~uluv	1	Time adverb
ثَمَٰنِى	vama`niY	1	Noun
ثَمَٰنِين	vama`niyn	1	Noun
ثَمَٰنِيَة	vama`niyap	1	Time adverb
ثَمَرَة	vamarap	1	Noun
ثُّمُن	v~umun	1	Noun
ثَيِّبَٰت	vay~iba`t	1	Adjective
جَآئِر	jaA^}ir	1	Noun
جَاثِيَة	jaAviyap	1	Noun
جَٰرِيَٰت	ja`riya`t	1	Noun
جَارِيَة	jaAriyap	1	Noun
جَارِيَة	jaAriyap	1	Adjective
جَاز	jaAz	1	Noun
جَامِدَة	jaAmidap	1	Noun
جَانِب	jaAnib	1	Location adverb
جَٰهِلِيَّة	ja`hiliy~ap	1	Noun
جِبَاه	jibaAh	1	Noun
جِبْت	jibot	1	Noun
جَبِين	jabiyn	1	Noun
جَدّ	jad~	1	Noun
جُدَد	judad	1	Noun
جُدُر	judur	1	Noun
جُذَٰذ	ju*a`*	1	Noun
جَذْوَة	ja*owap	1	Noun
جُرُف	juruf	1	Noun
جُرُوح	juruwH	1	Noun
جَزُوع	jazuwE	1	Noun
جِزْيَة	jizoyap	1	Noun
جَسَد	jasad	1	Adjective
جُفَآء	jufaA^'	1	Noun
جِفَان	jifaAn	1	Noun
جَلَآء	jalaA^'	1	Noun
جَلَٰبِيب	jala`biyb	1	Noun
جَمّ	jam~	1	Adjective
جَمَال	jamaAl	1	Noun
جِمَٰلَت	jima`lat	1	Noun
جُمُعَة	jumuEap	1	Proper noun
جَمَل	jamal	1	Noun
جُمْلَة	jumolap	1	Noun
جُنُب	junub	1	Adjective
جَنَف	janaf	1	Noun
جَنِيّ	janiy~	1	Adjective
جَنَى	janaY	1	Noun
جِهَار	jihaAr	1	Noun
جُهْد	juhod	1	Noun
جَهُول	jahuwl	1	Adjective
جَوّ	jaw~	1	Noun
جَوَاب	jawaAb2	1	Noun
جَوَار	jawaAr	1	Noun
جَوَارِح	jawaAriH	1	Noun
جُودِىّ	juwdiY~	1	Proper noun
جَوْف	jawof	1	Noun
جِيَاد	jiyaAd	1	Adjective
جِيد	jiyd	1	Noun
حَآجّ	HaA^j~	1	Noun
حَآفِّين	HaA^f~iyn	1	Noun
حَاجِز	HaAjiz	1	Noun
حَٰجِزِين	Ha`jiziyn	1	Adjective
حَٰذِرُون	Ha`*iruwn	1	Noun
حَاسِد	HaAsid	1	Noun
حَاضِر	HaADir	1	Noun
حَاضِرِى	HaADiriY	1	Noun
حَاضِرَة	HaADirap	1	Adjective
حَاضِرَة	HaADirap	1	Noun
حَافِرَة	HaAfirap	1	Noun
حَام	HaAm	1	Noun
حَٰمِدُون	Ha`miduwn	1	Noun
حَٰمِلَٰت	Ha`mila`t	1	Noun
حَٰمِلِين	Ha`miliyn	1	Noun
حُبُك	Hubuk	1	Noun
حَتْم	Hatom	1	Noun
حَثِيث	Haviyv	1	Noun
حِجّ	Hij~	1	Noun
حِجَج	Hijaj	1	Noun
حِجْر	Hijor	1	Adjective
حُجُرَٰت	Hujura`t	1	Noun
حُجُور	Hujuwr	1	Noun
حِدَاد	HidaAd	1	Noun
حَدَب	Hadab	1	Noun
حَرَج	Haraj	1	Adjective
حَرْد	Harod	1	Noun
حَرَس	Haras	1	Noun
حَرَض	HaraD	1	Noun
حَرْف	Harof	1	Noun
حَرُور	Haruwr	1	Noun
حَرِيص	HariyS	1	Noun
حِسَاب	HisaAb	1	Adjective
حَسَد	Hasad	1	Noun
حَسْرَت	Hasorat	1	Noun
حَسْرَتَىٰ	HasorataY`	1	Noun
حَسَن	Hasan	1	Noun
حُسْنَيَيْن	Husonayayon	1	Adjective
حُسُوم	Husuwm	1	Adjective
حَسِيب	Hasiyb	1	Adjective
حَسِير	Hasiyr	1	Noun
حَسِيس	Hasiys	1	Noun
حَصَاد	HaSaAd	1	Noun
حَصَب	HaSab	1	Noun
حَصُور	HaSuwr	1	Noun
حُصُون	HuSuwn	1	Noun
حَصِير	HaSiyr	1	Noun
حَفَدَة	Hafadap	1	Noun
حُفْرَة	Huforap	1	Noun
حُقُب	Huqub	1	Noun
حَقِيق	Haqiyq	1	Noun
حُكَّام	Huk~aAm	1	Noun
حَلَٰٓئِل	Hala`^}il	1	Noun
حَلَّاف	Hal~aAf	1	Noun
حُلْقُوم	Huloquwm	1	Noun
حُلِيّ	Huliy~	1	Noun
حَمَّالَة	Ham~aAlap	1	Noun
حُمْر	Humor	1	Noun
حَمُولَة	Hamuwlap	1	Noun
حَمِيد	Hamiyd	1	Noun
حَمِئَة	Hami}ap	1	Adjective
حَنَان	HanaAn	1	Noun
حِنث	Hinv	1	Noun
حَنِيذ	Haniy*	1	Adjective
حُنَيْن	Hunayon	1	Proper noun
حَوَايَآ	HawaAyaA^	1	Noun
حُوب	Huwb	1	Noun
حَوْل	Hawol	1	Time adverb
حِوَل	Hiwal	1	Noun
حَيّ	Hay~	1	Adjective
حَيْرَان	HayoraAn	1	Noun
حِيلَة	Hiylap	1	Noun
حَيَوَان	HayawaAn	1	Noun
حَيَّة	Hay~ap	1	Noun
خَآصَّة	xaA^S~ap	1	Noun
خَآئِبِين	xaA^}ibiyn	1	Noun
خَآئِضِين	xaA^}iDiyn	1	Noun
خَاتَم	xaAtam	1	Noun
خَٰدِع	xa`diE	1	Noun
خَٰزِنِين	xa`ziniyn	1	Noun
خَاسِرَة	xaAsirap	1	Adjective
خَاسِئ	xaAsi}	1	Noun
خَٰضِعِين	xa`DiEiyn	1	Noun
خَاطِئَة	xaATi}ap	1	Noun
خَاطِئَة	xaATi}ap	1	Adjective
خَافِضَة	xaAfiDap	1	Noun
خَافِيَة	xaAfiyap	1	Noun
خَٰلِفِين	xa`lifiyn	1	Noun
خَٰلِق	xa`liq	1	Adjective
خَالِيَة	xaAliyap	1	Adjective
خَاوِيَة	xaAwiyap	1	Adjective
خُبْز	xuboz	1	Noun
خَبْء	xabo'	1	Noun
خَتَّار	xat~aAr	1	Adjective
خِتَٰم	xita`m	1	Noun
خَدّ	xad~	1	Noun
خَذُول	xa*uwl	1	Adjective
خَرَاب	xaraAb	1	Noun
خَرَاج	xaraAj	1	Noun
خَرَّٰصُون	xar~a`Suwn	1	Noun
خُرْطُوم	xuroTuwm	1	Noun
خُشُب	xu$ub	1	Noun
خُشُوع	xu$uwE	1	Noun
خَصَاصَة	xaSaASap	1	Noun
خَصِمُون	xaSimuwn	1	Adjective
خُضْر	xuDor	1	Adjective
خَضِر	xaDir	1	Noun
خِطْبَة	xiTobap	1	Noun
خَطْفَة	xaTofap	1	Noun
خِطْـٔ	xiTo_#	1	Noun
خَفِيف	xafiyf	1	Adjective
خَفِيف	xafiyf	1	Noun
خُلَطَآء	xulaTaA^'	1	Noun
خِلْفَة	xilofap	1	Noun
خُلُود	xuluwd	1	Noun
خُلَّة	xul~ap	1	Noun
خُمُر	xumur	1	Noun
خُمُس	xumus	1	Noun
خَمْط	xamoT	1	Adjective
خَنَّاس	xan~aAs	1	Adjective
خُنَّس	xun~as	1	Noun
خَوَّان	xaw~aAn	1	Noun
خَوَّان	xaw~aAn	1	Adjective
خِيَاط	xiyaAT	1	Noun
خِيَام	xiyaAm	1	Noun
دَآئِبَيْن	daA^}ibayon	1	Noun
دَأَب	da>ab	1	Noun
دَاحِضَة	daAHiDap	1	Noun
دَافِق	daAfiq	1	Adjective
دَان	daAn	1	Noun
دَانِيَة	daAniyap	1	Adjective
دُحُور	duHuwr	1	Noun
دِرَاسَت	diraAsat	1	Noun
دَرَٰهِم	dara`him	1	Noun
دَّرْك	d~arok	1	Noun
دَرَك	darak	1	Noun
دُرِّىّ	dur~iY~	1	Adjective
دُسُر	dusur	1	Noun
دَعّ	daE~	1	Noun
دِفْء	difo'	1	Noun
دَكَّآء	dak~aA^'	1	Noun
دَكَّة	dak~ap	1	Noun
دَلْو	dalow	1	Noun
دُلُوك	duluwk	1	Noun
دَلِيل	daliyl	1	Noun
دِهَاق	dihaAq	1	Adjective
دِّهَان	d~ihaAn	1	Noun
دُّهْن	d~uhon	1	Noun
دَّوَآئِر	d~awaA^}ir	1	Noun
دُولَة	duwlap	1	Noun
دَيَّار	day~aAr	1	Noun
دِينَار	diynaAr	1	Noun
ذَّٰرِيَٰت	*~a`riya`t	1	Noun
ذَّٰكِرَٰت	*~a`kira`t	1	Noun
ذَٰنِك	*a`nik	1	Demonstrative pronoun
ذَاهِب	*aAhib	1	Noun
ذِبْح	*iboH	1	Noun
ذَرْو	*arow	1	Noun
ذُلُل	*ulul	1	Noun
ذَلُول	*aluwl	1	Adjective
ذَلُول	*aluwl	1	Noun
ذَهَاب	*ahaAb	1	Noun
ذُو	*uw	1	Adjective
رَآدِّى	raA^d~iY	1	Noun
رَّابِي	r~aAbiy	1	Noun
رَّابِيَة	r~aAbiyap	1	Adjective
رَّاجِفَة	r~aAjifap	1	Noun
رَّادِفَة	r~aAdifap	1	Noun
رَّٰشِدُون	r~a`$iduwn	1	Noun
رَافِع	raAfiE	1	Noun
رَّافِعَة	r~aAfiEap	1	Noun
رَاق	raAq	1	Noun
رِّب	r~ib	1	Noun
رُّب	r~ub	1	Noun
رَبَٰٓئِب	raba`^}ib	1	Noun
رِّبَاط	r~ibaAT	1	Noun
رِبِّيُّون	rib~iy~uwn	1	Noun
رَتْق	ratoq	1	Noun
رَجّ	raj~	1	Noun
رُّجْز	r~ujoz	1	Noun
رُّجْعَىٰٓ	r~ujoEaY`^	1	Noun
رَجِل	rajil	1	Noun
رَجْم	rajom	1	Noun
رُجُوم	rujuwm	1	Noun
رِحْلَة	riHolap	1	Noun
رُحْم	ruHom	1	Noun
رَّحِيق	r~aHiyq	1	Noun
رُخَآء	ruxaA^'	1	Noun
رَدْم	radom	1	Noun
رِدْء	rido'	1	Noun
رَّزَّاق	r~az~aAq	1	Noun
رَّشِيد	r~a$iyd	1	Noun
رَصَد	raSad	1	Adjective
رَصَد	raSad	1	Noun
رَضِيّ	raDiy~	1	Noun
رُطَب	ruTab	1	Noun
رَطْب	raTob	1	Noun
رِّعَآء	r~iEaA^'	1	Noun
رِعَايَت	riEaAyat	1	Noun
رَغَب	ragab	1	Noun
رَغَد	ragad	1	Noun
رِّفْد	r~ifod	1	Noun
رَفْرَف	raforaf	1	Noun
رَفِيع	rafiyE	1	Adjective
رَفِيق	rafiyq	1	Noun
رَقّ	raq~	1	Noun
رُقُود	ruquwd	1	Noun
رُقِيّ	ruqiy~	1	Noun
رَّقِيم	r~aqiym	1	Noun
رِكَاب	rikaAb	1	Noun
رُكَام	rukaAm	1	Noun
رَّكْب	r~akob	1	Noun
رُكْبَان	rukobaAn	1	Noun
رِكْز	rikoz	1	Noun
رَكُوب	rakuwb	1	Noun
رِمَاح	rimaAH	1	Noun
رَمَاد	ramaAd	1	Noun
رَمْز	ramoz	1	Noun
رَمَضَان	ramaDaAn	1	Proper noun
رِهَٰن	riha`n	1	Noun
رَهَب	rahab	1	Noun
رَّهْب	r~ahob	1	Noun
رَهْبَانِيَّة	rahobaAniy~ap	1	Noun
رَهْبَة	rahobap	1	Noun
رَهْو	rahow	1	Noun
رَهِين	rahiyn	1	Noun
رَهِينَة	rahiynap	1	Noun
رَوَاح	rawaAH	1	Noun
رَوَاكِد	rawaAkid	1	Noun
رَوْضَات	rawoDaAt	1	Noun
رَوْضَة	rawoDap	1	Noun
رَّوْع	r~awoE	1	Noun
رُّوم	r~uwm	1	Proper noun
رُوَيْد	ruwayod	1	Noun
رِيبَة	riybap	1	Noun
رِيش	riy$	1	Noun
رِيع	riyE	1	Noun
رَءُوف	ra'uwf	1	Adjective
رِءْي	ri'oy	1	Noun
زَّٰجِرَٰت	z~a`jira`t	1	Noun
زَّاد	z~aAd	1	Noun
زَّٰرِعُون	z~a`riEuwn	1	Noun
زَّٰهِدِين	z~a`hidiyn	1	Noun
زَاهِق	zaAhiq	1	Noun
زَّبَانِيَة	z~abaAniyap	1	Noun
زُبَر	zubar	1	Noun
زَجْر	zajor	1	Noun
زَحْف	zaHof	1	Noun
زَرَابِىّ	zaraAbiY~	1	Noun
زُّرَّاع	z~ur~aAE	1	Noun
زُرْق	zuroq	1	Noun
زَكِيّ	zakiy~	1	Adjective
زَكِيَّة	zakiy~ap	1	Noun
زَلْزَلَة	zalozalap	1	Noun
زَلَق	zalaq	1	Noun
زَمْهَرِير	zamohariyr	1	Noun
زَنجَبِيل	zanjabiyl	1	Noun
زِّنَىٰٓ	z~inaY`^	1	Noun
زَنِيم	zaniym	1	Noun
زَهْرَة	zahorap	1	Noun
زَهُوق	zahuwq	1	Noun
زَوَال	zawaAl	1	Noun
زَيْت	zayot	1	Noun
زَيْتُونَة	zayotuwnap	1	Noun
زَيْد	zayod	1	Proper noun
زَيْغ	zayog	1	Noun
سَآئِبَة	saA^}ibap	1	Noun
سَٰٓئِحَٰت	sa`^}iHa`t	1	Adjective
سَّٰٓئِحُون	s~a`^}iHuwn	1	Noun
سَآئِق	saA^}iq	1	Noun
سَّٰبِحَٰت	s~a`biHa`t	1	Noun
سَٰبِغَٰت	sa`biga`t	1	Noun
سَّٰبِقَٰت	s~a`biqa`t	1	Noun
سَاحَت	saAHat	1	Noun
سَّاحِل	s~aAHil	1	Noun
سَّٰخِرِين	s~a`xiriyn	1	Noun
سَارِب	saArib	1	Noun
سَّارِقَة	s~aAriqap	1	Noun
سَاعَة	saAEap	1	Time adverb
سَاقِط	saAqiT	1	Noun
سَاكِن	saAkin	1	Noun
سَٰلِمُون	sa`limuwn	1	Noun
سَٰمِدُون	sa`miduwn	1	Noun
سَٰمِر	sa`mir	1	Noun
سَّاهِرَة	s~aAhirap	1	Noun
سَبْع	saboE	1	Time adverb
سَّبُع	s~abuE	1	Noun
سَبْق	saboq	1	Noun
سِتْر	sitor	1	Noun
سِتِّين	sit~iyn	1	Noun
سِّجِلّ	s~ijil~	1	Noun
سَحَّار	saH~aAr	1	Noun
سُحْق	suHoq	1	Noun
سَحِيق	saHiyq	1	Adjective
سُخْرِيّ	suxoriy~	1	Noun
سَخَط	saxaT	1	Noun
سُدًى	sudFY	1	Noun
سَّرَآئِر	s~araA^}ir	1	Noun
سُرَادِق	suraAdiq	1	Noun
سَرَب	sarab	1	Noun
سَّرْد	s~arod	1	Noun
سُرُور	suruwr	1	Noun
سَرِيّ	sariy~	1	Noun
سَعِيد	saEiyd	1	Noun
سَفَرَة	safarap	1	Noun
سُّفْلَىٰ	s~ufolaY`	1	Noun
سَفَه	safah	1	Noun
سُقْيَٰ	suqoya`	1	Noun
سَكَر	sakar	1	Noun
سِكِّين	sik~iyn	1	Noun
سَلَٰم	sala`m	1	Adjective
سَلْسَبِيل	salosabiyl	1	Proper noun
سَلَف	salaf	1	Noun
سِّلْم	s~ilom	1	Proper noun
سَمّ	sam~	1	Noun
سَمْك	samok	1	Noun
سَنَا	sanaA	1	Noun
سُنبُل	sunbul	1	Noun
سِنِين	siniyn	1	Time adverb
سِنَة	sinap	1	Noun
سُهُول	suhuwl	1	Noun
سَوَآء	sawaA^'	1	Adjective
سُوَاع	suwaAE	1	Proper noun
سُؤَال	su&aAl	1	Noun
سُّوٓأَىٰٓ	s~uw^>aY`^	1	Noun
سُود	suwd	1	Adjective
سُور	suwr	1	Noun
سَوْط	sawoT	1	Noun
سُؤْل	su&ol	1	Noun
سُوًى	suwFY	1	Adjective
سِيرَت	siyrat	1	Noun
سَيْنَآء	sayonaA^'	1	Proper noun
سِينِين	siyniyn	1	Proper noun
سَيِّئ	say~i}	1	Noun
سَيِّئَة	say~i}ap	1	Adjective
شَٰخِصَة	$a`xiSap	1	Noun
شَٰطِئ	$a`Ti}	1	Noun
شَاكِلَت	$aAkilat	1	Noun
شَٰمِخَٰت	$a`mixa`t	1	Adjective
شَانِئ	$aAni}	1	Noun
شِّتَآء	$~itaA^'	1	Noun
شَتَّىٰ	$at~aY`	1	Adjective
شُحُوم	$uHuwm	1	Noun
شُرْب	$urob	1	Noun
شِرْذِمَة	$iro*imap	1	Noun
شَرَر	$arar	1	Noun
شُرَّع	$ur~aE	1	Noun
شِرْعَة	$iroEap	1	Noun
شَرْقِيّ	$aroqiy~	1	Adjective
شَرْقِيَّة	$aroqiy~ap	1	Noun
شَرِيعَة	$ariyEap	1	Noun
شَطْـٔ	$aTo_#	1	Noun
شُعَب	$uEab	1	Noun
شِّعْرَىٰ	$~iEoraY`	1	Proper noun
شُعُوب	$uEuwb	1	Noun
شُغُل	$ugul	1	Noun
شَفَتَيْن	$afatayon	1	Noun
شَّفْع	$~afoE	1	Noun
شَّفَق	$~afaq	1	Noun
شَفِيع	$afiyE	1	Adjective
شِقّ	$iq~	1	Noun
شَقّ	$aq~	1	Noun
شِقْوَت	$iqowat	1	Noun
شُّقَّة	$~uq~ap	1	Noun
شُكْر	$ukor	1	Noun
شَكْل	$akol	1	Noun
شَكُور	$akuwr	1	Noun
شُهُب	$uhub	1	Noun
شُوَاظ	$uwaAZ	1	Noun
شَوْب	$awob	1	Noun
شُورَىٰ	$uwraY`	1	Noun
شَّوْكَة	$~awokap	1	Noun
شَّوَىٰ	$~awaY`	1	Noun
شِيب	$iyb	1	Noun
شَيْب	$ayob	1	Noun
شَيْبَة	$ayobap	1	Noun
شَيْخ	$ayox	1	Noun
شِيَة	$iyap	1	Noun
صَّآخَّة	S~aA^x~ap	1	Noun
صَّآفُّون	S~aA^f~uwn	1	Noun
صَّٰٓئِمَٰت	S~a`^}ima`t	1	Noun
صَّٰٓئِمِين	S~a`^}imiyn	1	Noun
صَابِر	SaAbir	1	Adjective
صَّٰبِرَٰت	S~a`bira`t	1	Noun
صَابِرَة	SaAbirap	1	Adjective
صَّٰدِقَٰت	S~a`diqa`t	1	Noun
صَٰرِمِين	Sa`rimiyn	1	Noun
صَّٰفِنَٰت	S~a`fina`t	1	Noun
صَال	SaAl	1	Noun
صَٰمِتُون	Sa`mituwn	1	Noun
صَبّ	Sab~	1	Noun
صَبَاح	SabaAH	1	Noun
صُبْح	SuboH	1	Time adverb
صِبْغ	Sibog	1	Noun
صِحَاف	SiHaAf	1	Noun
صَّخْر	S~axor	1	Noun
صَّدْع	S~adoE	1	Noun
صَّدَفَيْن	S~adafayon	1	Noun
صَدُقَٰت	Saduqa`t	1	Noun
صُدُود	Suduwd	1	Noun
صَدِيد	Sadiyd	1	Adjective
صِدِّيقَة	Sid~iyqap	1	Noun
صِرّ	Sir~	1	Noun
صَرْعَىٰ	SaroEaY`	1	Noun
صَرْف	Sarof	1	Noun
صَرِيخ	Sariyx	1	Noun
صَّرِيم	S~ariym	1	Noun
صَرَّة	Sar~ap	1	Noun
صَعَد	SaEad	1	Adjective
صَعِق	SaEiq	1	Noun
صَعُود	SaEuwd	1	Noun
صَغَار	SagaAr	1	Noun
صَغِيرَة	Sagiyrap	1	Adjective
صَغِيرَة	Sagiyrap	1	Noun
صَّفَا	S~afaA	1	Proper noun
صُفْر	Sufor	1	Adjective
صَفْرَآء	SaforaA^'	1	Adjective
صَفْصَف	SafoSaf	1	Adjective
صَفْوَان	SafowaAn	1	Noun
صَلْد	Salod	1	Noun
صِلِيّ	Siliy~	1	Noun
صَّمَد	S~amad	1	Noun
صَنْعَة	SanoEap	1	Noun
صِهْر	Sihor	1	Noun
صَوَآفّ	SawaA^f~	1	Noun
صَوَاب	SawaAb	1	Noun
صُوَاع	SuwaAE	1	Noun
صَوَٰمِع	Sawa`miE	1	Noun
صَوْم	Sawom	1	Noun
صَيَاصِي	SayaASiy	1	Noun
صَيِّب	Say~ib	1	Noun
صَّيْف	S~ayof	1	Noun
ضَآئِق	DaA^}iq	1	Noun
ضَاحِك	DaAHik	1	Noun
ضَاحِكَة	DaAHikap	1	Noun
ضَامِر	DaAmir	1	Noun
ضَّأْن	D~a>on	1	Noun
ضَبْح	DaboH	1	Noun
ضِدّ	Did~	1	Noun
ضَّرَر	D~arar	1	Noun
ضَرِيع	DariyE	1	Noun
ضِعَٰف	DiEa`f	1	Adjective
ضَعِيف	DaEiyf	1	Adjective
ضَّفَادِع	D~afaAdiE	1	Noun
ضَنك	Dank	1	Adjective
ضَنِين	Daniyn	1	Noun
ضَيْر	Dayor	1	Noun
ضِيزَىٰٓ	DiyzaY`^	1	Adjective
ضَيِّق	Day~iq	1	Noun
ضَيِّق	Day~iq	1	Adjective
طَّآمَّة	T~aA^m~ap	1	Noun
طَآئِعِين	TaA^}iEiyn	1	Noun
طَآئِفَة	TaA^}ifap	1	Adjective
طَاعِم	TaAEim	1	Noun
طَّاغِيَة	T~aAgiyap	1	Noun
طَّالِب	T~aAlib	1	Noun
طَعْم	TaEom	1	Noun
طَعْن	TaEon	1	Noun
طَغْوَىٰ	TagowaY`	1	Noun
طَلّ	Tal~	1	Noun
طَلَب	Talab	1	Noun
طَلْح	TaloH	1	Noun
طَوَّٰفُون	Taw~a`fuwn	1	Noun
طُوبَىٰ	TuwbaY`	1	Noun
طَّوْد	T~awod	1	Noun
طُول	Tuwl	1	Noun
طَىّ	TaY~	1	Noun
ظَّآنِّين	Z~aA^n~iyn	1	Adjective
ظَعْن	ZaEon	1	Noun
ظُفُر	Zufur	1	Noun
ظُلُمَٰت	Zuluma`t	1	Adjective
ظَمَأ	Zama>	1	Noun
ظَّمْـَٔان	Z~amo_#aAn	1	Noun
ظِهْرِيّ	Zihoriy~	1	Noun
ظَّهِيرَة	Z~ahiyrap	1	Noun
عَآدِّين	EaA^d~iyn	1	Noun
عَآئِدُون	EaA^}iduwn	1	Noun
عَآئِل	EaA^}il	1	Noun
عَابِد	EaAbid	1	Adjective
عَٰبِدَٰت	Ea`bida`t	1	Adjective
عَابِرِى	EaAbiriY	1	Noun
عَاتِيَة	EaAtiyap	1	Adjective
عَٰدِيَٰت	Ea`diya`t	1	Noun
عَاصِف	EaASif	1	Adjective
عَاصِف	EaASif	1	Noun
عَٰصِفَٰت	Ea`Sifa`t	1	Noun
عَاصِفَة	EaASifap	1	Noun
عَافِين	EaAfiyn	1	Noun
عَال	EaAl	1	Noun
عَالِين	EaAliyn	1	Adjective
عَالِين	EaAliyn	1	Noun
عَامِلَة	EaAmilap	1	Adjective
عَبَث	Eabav	1	Noun
عَبْقَرِىّ	EaboqariY~	1	Noun
عَبُوس	Eabuws	1	Adjective
عُتُلّ	Eutul~	1	Adjective
عَتِيد	Eatiyd	1	Adjective
عَتِيد	Eatiyd	1	Noun
عُجَاب	EujaAb	1	Adjective
عَجَل	Eajal	1	Noun
عَجُول	Eajuwl	1	Adjective
عَدَد	Eadad	1	Adjective
عَدَس	Eadas	1	Noun
عَدُوّ	Eaduw~	1	Adjective
عُدَّة	Eud~ap	1	Noun
عُرُب	Eurub	1	Adjective
عَرَبِيّ	Earabiy~	1	Noun
عُرْجُون	Eurojuwn	1	Noun
عُرْضَة	EuroDap	1	Noun
عَرَفَٰت	Earafa`t	1	Proper noun
عَرِم	Earim	1	Noun
عَرِيض	EariyD	1	Adjective
عِزّ	Eiz~	1	Noun
عُزَيْر	Euzayor	1	Proper noun
عِزِين	Eiziyn	1	Noun
عَسِر	Easir	1	Adjective
عُسْرَىٰ	EusoraY`	1	Noun
عَسَل	Easal	1	Noun
عِشَار	Ei$aAr	1	Noun
عَشْر	Ea$or	1	Time adverb
عَشْر	Ea$or	1	Adjective
عِشْرُون	Ei$oruwn	1	Noun
عَشِير	Ea$iyr	1	Noun
عَشِيَّة	Ea$iy~ap	1	Noun
عَصْر	EaSor	1	Noun
عَصْف	EaSof2	1	Noun
عِصَم	EiSam	1	Noun
عَصِيّ	EaSiy~	1	Adjective
عَصِيّ	EaSiy~	1	Noun
عِصْيَان	EiSoyaAn	1	Noun
عَصِيب	EaSiyb	1	Adjective
عِضِين	EiDiyn	1	Noun
عِطْف	EiTof	1	Noun
عِفْرِيت	Eiforiyt	1	Noun
عُقْب	Euqob	1	Noun
عُقُود	Euquwd	1	Noun
عَقِيم	Eaqiym	1	Noun
عَلَٰمَٰت	Eala`ma`t	1	Noun
عَلَق	Ealaq	1	Noun
عُلْيَا	EuloyaA	1	Noun
عِمَاد	EimaAd	1	Noun
عِمَارَة	EimaArap	1	Noun
عَمْر	Eamor	1	Noun
عَمُون	Eamuwn	1	Adjective
عَمُون	Eamuwn	1	Noun
عَمِيق	Eamiyq	1	Adjective
عَنَت	Eanat	1	Noun
عَنِيد	Eaniyd	1	Noun
عَوَان	EawaAn	1	Noun
عِيد	Eiyd	1	Noun
عَيْلَة	Eayolap	1	Noun
عِين	Eiyn	1	Adjective
غَآئِبَة	gaA^}ibap	1	Noun
غَآئِظُون	gaA^}iZuwn	1	Noun
غَار	gaAr	1	Noun
غَٰرِمِين	ga`rimiyn	1	Noun
غَاسِق	gaAsiq	1	Noun
غَٰفِلَٰت	ga`fila`t	1	Adjective
غَبَرَة	gabarap	1	Noun
غَدَآء	gadaA^'	1	Noun
غَدَق	gadaq	1	Adjective
غَرَابِيب	garaAbiyb	1	Noun
غَرَام	garaAm	1	Noun
غَرْبِىّ	garobiY~	1	Adjective
غَرْبِيَّة	garobiy~ap	1	Noun
غُرُفَٰت	gurufa`t	1	Noun
غَرَق	garaq	1	Noun
غَرْق	garoq	1	Noun
غَزْل	gazol	1	Noun
غُزًّى	guz~FY	1	Noun
غَسَق	gasaq	1	Noun
غِسْلِين	gisoliyn	1	Noun
غَصْب	gaSob	1	Noun
غُصَّة	guS~ap	1	Noun
غُفْرَان	guforaAn	1	Noun
غُلْب	gulob	1	Adjective
غَلَب	galab	1	Noun
غِلْظَة	giloZap	1	Noun
غَلْى	galoY	1	Noun
غَلِيظ	galiyZ	1	Noun
غَمَرَٰت	gamara`t	1	Noun
غُمَّة	gum~ap	1	Noun
غَوَّاص	gaw~aAS	1	Noun
غَوْل	gawol	1	Noun
غَوِىّ	gawiY~	1	Noun
فَا	faA	1	Noun
فَٰتِحِين	fa`tiHiyn	1	Noun
فَٰتِنِين	fa`tiniyn	1	Noun
فَاجِر	faAjir	1	Noun
فَارِض	faAriD	1	Adjective
فَٰرِغ	fa`rig	1	Noun
فَٰرِقَٰت	fa`riqa`t	1	Noun
فَٰرِهِين	fa`rihiyn	1	Noun
فَٰصِلِين	fa`Siliyn	1	Noun
فَاقِرَة	faAqirap	1	Noun
فَاقِع	faAqiE	1	Adjective
فَان	faAn	1	Noun
فَتَّاح	fat~aAH	1	Noun
فَتْرَة	fatorap	1	Noun
فُتُون	futuwn	1	Noun
فَتًى	fatFY	1	Noun
فَتَيَان	fatayaAn	1	Noun
فَجّ	faj~	1	Adjective
فُجَّار	fuj~aAr	1	Adjective
فُجُور	fujuwr	1	Noun
فَجْوَة	fajowap	1	Noun
فَخَّار	fax~aAr	1	Noun
فِدَآء	fidaA^'	1	Noun
فَرَاش	faraA$	1	Noun
فَرْث	farov	1	Noun
فَرْش	faro$	1	Noun
فُرُط	furuT	1	Noun
فَرْع	faroE	1	Noun
فَرْق	faroq	1	Noun
فِرْق	firoq	1	Noun
فِرْقَة	firoqap	1	Noun
فَرِيّ	fariy~	1	Adjective
فَصْل	faSol	1	Adjective
فَصِيلَت	faSiylat	1	Noun
فِطْرَت	fiTorat	1	Noun
فُطُور	fuTuwr	1	Noun
فَظّ	faZ~	1	Noun
فِعْل	fiEol	1	Noun
فَعْلَت	faEolat	1	Noun
فَقْر	faqor	1	Noun
فَكّ	fak~	1	Noun
فَكِهِين	fakihiyn	1	Noun
فُلَان	fulaAn	1	Noun
فَلَق	falaq	1	Noun
فَوَاق	fawaAq	1	Noun
فَوْت	fawot	1	Noun
فَوْر	fawor	1	Noun
فُوم	fuwm	1	Noun
فِئَت	fi}at	1	Noun
فِيل	fiyl	1	Noun
قَآئِلُون	qaA^}iluwn	1	Noun
قَآئِمَة	qaA^}imap	1	Adjective
قَاب	qaAb	1	Noun
قَابِل	qaAbil	1	Noun
قَاصِد	qaASid	1	Noun
قَاصِف	qaASif	1	Noun
قَاض	qaAD	1	Noun
قَاضِيَة	qaADiyap	1	Noun
قَاطِعَة	qaATiEap	1	Noun
قَاع	qaAE	1	Noun
قَالِين	qaAliyn	1	Noun
قَٰنِتَٰت	qa`nita`t	1	Adjective
قَٰنِطِين	qa`niTiyn	1	Noun
قَانِع	qaAniE	1	Noun
قَبَآئِل	qabaA^}il	1	Noun
قَبْض	qaboD	1	Noun
قَبُول	qabuwl	1	Noun
قَتَر	qatar	1	Noun
قَتَرَة	qatarap	1	Noun
قَتْلَى	qatolaY	1	Noun
قَتُور	qatuwr	1	Adjective
قِثَّآئ	qiv~aA^}	1	Noun
قَدْح	qadoH	1	Noun
قِدَد	qidad	1	Adjective
قُدُور	quduwr	1	Noun
قَدِير	qadiyr	1	Adjective
قُرُبَٰت	quruba`t	1	Noun
قُرْبَة	qurobap	1	Noun
قُرُوٓء	quruw^'	1	Noun
قُرَيْش	qurayo$	1	Proper noun
قَسْوَرَة	qasowarap	1	Noun
قَسْوَة	qasowap	1	Noun
قِسِّيسِين	qis~iysiyn	1	Noun
قَصْد	qaSod	1	Noun
قُصْوَىٰ	quSowaY`	1	Adjective
قَصِيّ	qaSiy~	1	Adjective
قَضْب	qaDob	1	Noun
قِطّ	qiT~	1	Noun
قَطِرَان	qaTiraAn	1	Noun
قِطْمِير	qiTomiyr	1	Noun
قَعِيد	qaEiyd	1	Noun
قَلِيلَة	qaliylap	1	Adjective
قَمْطَرِير	qamoTariyr	1	Adjective
قُمَّل	qum~al	1	Noun
قِنْوَان	qinowaAn	1	Noun
قَنُوط	qanuwT	1	Noun
قَوَام	qawaAm	1	Noun
قَوْسَيْن	qawosayon	1	Noun
قِيعَة	qiyEap	1	Noun
قِيَم	qiyam	1	Adjective
قَيِّمَة	qay~imap	1	Adjective
قَيِّمَة	qay~imap	1	Noun
كَاتِب	kaAtib	1	Adjective
كَادِح	kaAdiH	1	Noun
كَٰذِب	ka`*ib	1	Adjective
كَٰشِفَٰت	ka`$ifa`t	1	Noun
كَاشِفَة	kaA$ifap	1	Noun
كَاف	kaAf	1	Noun
كَافِرَة	kaAfirap	1	Adjective
كَافُور	kaAfuwr	1	Noun
كَٰلِحُون	ka`liHuwn	1	Noun
كَامِلَيْن	kaAmilayon	1	Adjective
كَامِلَة	kaAmilap	1	Adjective
كَامِلَة	kaAmilap	1	Noun
كُبَّار	kub~aAr	1	Adjective
كَبَد	kabad	1	Noun
كُبَرَآء	kubaraA^'	1	Noun
كُبْرَىٰ	kuboraY`	1	Noun
كِتَٰبِى	kita`biY	1	Noun
كَثِيب	kaviyb	1	Noun
كَدْح	kadoH	1	Noun
كَسَاد	kasaAd	1	Noun
كِسْف	kisof	1	Noun
كَشْف	ka$of	1	Noun
كَعْبَيْن	kaEobayon	1	Noun
كِفَات	kifaAt	1	Noun
كَفَّار	kaf~aAr	1	Noun
كُفْرَان	kuforaAn	1	Noun
كُفُو	kufuw	1	Noun
كَفِيل	kafiyl	1	Noun
كُلّ	kul~	1	Time adverb
كَلّ	kal~	1	Noun
كِلَا	kilaA	1	Noun
كِلْتَا	kilotaA	1	Noun
كَم	kam	1	Noun
كُنَّس	kun~as	1	Adjective
كَنُود	kanuwd	1	Noun
كَوَاعِب	kawaAEib	1	Noun
كَوَافِر	kawaAfir	1	Noun
كَوْثَر	kawovar	1	Noun
لَآئِم	laA^}im	1	Noun
لَّٰبِثِين	l~a`biviyn	1	Noun
لَّازِب	l~aAzib	1	Noun
لَّٰعِنُون	l~a`Einuwn	1	Noun
لَٰغِيَة	la`giyap	1	Noun
لَٰقِي	la`qiy	1	Noun
لَاهِيَة	laAhiyap	1	Noun
لِبَد	libad	1	Noun
لُّبَد	l~ubad	1	Adjective
لَبْس	labos	1	Noun
لَبُوس	labuws	1	Noun
لُّجِّىّ	l~uj~iY~	1	Adjective
لُجَّة	luj~ap	1	Noun
لَحْن	laHon	1	Noun
لِحْيَت	liHoyat	1	Noun
لُّدّ	l~ud~	1	Adjective
لَّدُن	l~adun	1	Time adverb
لَظَىٰ	laZaY`	1	Proper noun
لَعْن	laEon	1	Noun
لَفِيف	lafiyf	1	Noun
لَّمّ	l~am~	1	Adjective
لَّمَّا	l~am~aA	1	Negative particle
لُّمَزَة	l~umazap	1	Noun
لَّمَم	l~amam	1	Noun
لَوَّاحَة	law~aAHap	1	Noun
لِوَاذ	liwaA*	1	Noun
لَوَٰقِح	lawa`qiH	1	Noun
لَّوَّامَة	l~aw~aAmap	1	Adjective
لَوْمَة	lawomap	1	Noun
لَيّ	lay~	1	Noun
لَيْلَة	layolap	1	Time adverb
لَّيِّن	l~ay~in	1	Adjective
لِّينَة	l~iynap	1	Noun
مَأْتِيٌّ	ma>otiy~N	1	Noun
مَّارِج	m~aArij	1	Noun
مَّارِد	m~aArid	1	Noun
مَٰرُوت	ma`ruwt	1	Proper noun
مَاعُون	maAEuwn	1	Noun
مَّأْكُول	m~a>okuwl	1	Adjective
مَٰلِك	ma`lik2	1	Proper noun
مَأْمَن	ma>oman	1	Noun
مَأْمُون	ma>omuwn	1	Noun
مَّانِعَت	m~aAniEat	1	Noun
مَٰهِدُون	ma`hiduwn	1	Noun
مُّبَٰرَكَة	m~uba`rakap	1	Adjective
مَبْثُوث	mabovuwv	1	Adjective
مَبْثُوثَة	mabovuwvap	1	Adjective
مُبْدِي	mubodiy	1	Noun
مُبَذِّرِين	muba*~iriyn	1	Noun
مُبْرِمُون	muborimuwn	1	Noun
مُبَرَّءُون	mubar~a'uwn	1	Noun
مَبْسُوطَتَان	mabosuwTataAn	1	Noun
مُبَشِّرَٰت	muba$~ira`t	1	Noun
مُبْعَدُون	muboEaduwn	1	Noun
مَبْلَغ	mabolag	1	Noun
مَّبْنِيَّة	m~aboniy~ap	1	Noun
مُبَوَّأ	mubaw~a>	1	Noun
مُّبَيِّنَٰت	m~ubay~ina`t	1	Noun
مُّبَيِّنَة	m~ubay~inap	1	Noun
مُتَبَّر	mutab~ar	1	Noun
مُتَبَرِّجَٰت	mutabar~ija`t	1	Noun
مُتَجَانِف	mutajaAnif	1	Noun
مُّتَجَٰوِرَٰت	m~utaja`wira`t	1	Noun
مُتَحَرِّف	mutaHar~if	1	Noun
مُتَحَيِّز	mutaHay~iz	1	Noun
مُّتَرَاكِب	m~utaraAkib	1	Adjective
مَتْرَبَة	matorabap	1	Noun
مُتَرَدِّيَة	mutarad~iyap	1	Noun
مُتَشَٰبِه	muta$a`bih	1	Adjective
مُتَشَٰكِسُون	muta$a`kisuwn	1	Noun
مُّتَصَدِّع	m~utaSad~iE	1	Noun
مُتَصَدِّقَٰت	mutaSad~iqa`t	1	Noun
مُتَطَهِّرِين	mutaTah~iriyn	1	Noun
مُتَعَال	mutaEaAl	1	Noun
مُّتَفَرِّقُون	m~utafar~iquwn	1	Noun
مُّتَفَرِّقَة	m~utafar~iqap	1	Noun
مُتَقَلَّب	mutaqal~ab	1	Noun
مُتَكَبِّر	mutakab~ir	1	Adjective
مُتَكَلِّفِين	mutakal~ifiyn	1	Noun
مُتَّكَـٔ	mut~aka_#	1	Noun
مُتَلَقِّيَان	mutalaq~iyaAn	1	Noun
مُتِمّ	mutim~	1	Noun
مُتَنَٰفِسُون	mutana`fisuwn	1	Noun
مُتَوَسِّمِين	mutawas~imiyn	1	Noun
مُتَوَفِّي	mutawaf~iy	1	Noun
مَتِين	matiyn	1	Adjective
مَثَابَة	mavaAbap	1	Noun
مَثْبُور	mavobuwr	1	Noun
مُثْقَلَة	muvoqalap	1	Noun
مَثَل	maval	1	Adjective
مَثُلَٰت	mavula`t	1	Noun
مُثْلَىٰ	muvolaY`	1	Adjective
مَجَٰلِس	maja`lis	1	Noun
مُّجْتَمِعُون	m~ujotamiEuwn	1	Noun
مَجْذُوذ	majo*uw*	1	Noun
مَجْرىٰ	majorY`	1	Noun
مَجُوس	majuws	1	Proper noun
مَّحَٰرِيب	m~aHa`riyb	1	Noun
مِحَال	miHaAl	1	Noun
مَحَبَّة	maHab~ap	1	Noun
مُّحْتَضَر	m~uHotaDar	1	Noun
مُحْتَظِر	muHotaZir	1	Noun
مَحْجُوبُون	maHojuwbuwn	1	Noun
مَحْذُور	maHo*uwr	1	Noun
مُحَرَّر	muHar~ar	1	Noun
مُحَرَّمَة	muHar~amap	1	Noun
مُحْسِنَٰت	muHosina`t	1	Noun
مَّحْسُور	m~aHosuwr	1	Noun
مَحْشُورَة	maHo$uwrap	1	Noun
مُّحَصَّنَة	m~uHaS~anap	1	Adjective
مَحْظُور	maHoZuwr	1	Noun
مَّحْفُوظ	m~aHofuwZ	1	Noun
مَّحْفُوظ	m~aHofuwZ	1	Adjective
مُّحْكَمَٰت	m~uHokama`t	1	Adjective
مُّحْكَمَة	m~uHokamap	1	Noun
مُحَلِّقِين	muHal~iqiyn	1	Noun
مُحِلِّى	muHil~iY	1	Noun
مَّحْمُود	m~aHomuwd	1	Noun
مَخَاض	maxaAD	1	Noun
مُخْبِتِين	muxobitiyn	1	Noun
مُخْتَال	muxotaAl	1	Noun
مَّخْتُوم	m~axotuwm	1	Adjective
مَّخْذُول	m~axo*uwl	1	Noun
مَخْرَج	maxoraj	1	Noun
مُخْزِى	muxoziY	1	Noun
مُخْسِرِين	muxosiriyn	1	Noun
مُخْضَرَّة	muxoDar~ap	1	Noun
مَّخْضُود	m~axoDuwd	1	Adjective
مُّخَلَّدُون	m~uxal~aduwn	1	Noun
مُّخَلَّدُون	m~uxal~aduwn	1	Adjective
مُخْلَص	muxolaS	1	Noun
مُخْلِف	muxolif	1	Noun
مِدَاد	midaAd	1	Noun
مُدَبِّرَٰت	mudab~ira`t	1	Noun
مُدَّت	mud~at	1	Noun
مُدَّثِّر	mud~av~ir	1	Noun
مُدْحَضِين	mudoHaDiyn	1	Noun
مُدَّخَل	mud~axal	1	Noun
مَدَد	madad	1	Noun
مُدْرَكُون	mudorakuwn	1	Noun
مُدْهَآمَّتَان	mudohaA^m~ataAn	1	Noun
مُّدْهِنُون	m~udohinuwn	1	Noun
مُّذَبْذَبِين	m~u*abo*abiyn	1	Noun
مُذْعِنِين	mu*oEiniyn	1	Noun
مُذَكِّر	mu*ak~ir	1	Noun
مَّذْكُور	m~a*okuwr	1	Adjective
مَذْءُوم	ma*o'uwm	1	Noun
مَرّ	mar~	1	Noun
مِرَآء	miraA^'	1	Noun
مَرَّٰت	mar~a`t	1	Noun
مَرَاضِع	maraADiE	1	Noun
مُرَٰغَم	mura`gam	1	Noun
مَرَافِق	maraAfiq	1	Noun
مُّرْتَاب	m~urotaAb	1	Adjective
مُّرْتَقِبُون	m~urotaqibuwn	1	Noun
مُرْجِفُون	murojifuwn	1	Noun
مَرْجُوّ	marojuw~	1	Noun
مَرْجُومِين	marojuwmiyn	1	Noun
مُرْجَوْن	murojawon	1	Noun
مَرْحَمَة	maroHamap	1	Noun
مُرْدِفِين	murodifiyn	1	Noun
مُّرْسَل	m~urosal	1	Adjective
مُرْسَلَٰت	murosala`t	1	Noun
مُرْسِلَة	murosilap	1	Noun
مُّرْشِد	m~uro$id	1	Adjective
مَرْصَد	maroSad	1	Noun
مَّرْصُوص	m~aroSuwS	1	Adjective
مُرْضِعَة	muroDiEap	1	Noun
مَرْضِيّ	maroDiy~	1	Noun
مَّرْضِيَّة	m~aroDiy~ap	1	Noun
مِّرْفَق	m~irofaq	1	Noun
مَرْفُود	marofuwd	1	Noun
مَرْفُوع	marofuwE	1	Noun
مَّرْفُوعَة	m~arofuwEap	1	Noun
مَّرْقَد	m~aroqad	1	Noun
مَّرْكُوم	m~arokuwm	1	Noun
مَرْوَة	marowap	1	Proper noun
مَّرِيج	m~ariyj	1	Adjective
مَّرِيٓـٔ	m~ariy^_#	1	Adjective
مِرَّة	mir~ap	1	Noun
مُّزْجَىٰة	m~uzojaY`p	1	Noun
مُزَحْزِح	muzaHoziH	1	Noun
مُزْدَجَر	muzodajar	1	Noun
مُزَّمِّل	muz~am~il	1	Noun
مُزْن	muzon	1	Noun
مِسَاس	misaAs	1	Imperative verbal noun
مُسَٰفِحَٰت	musa`fiHa`t	1	Noun
مَسَاق	masaAq	1	Noun
مُّسْتَبْشِرَة	m~usotabo$irap	1	Noun
مُسْتَبْصِرِين	musotaboSiriyn	1	Noun
مُسْتَبِين	musotabiyn	1	Adjective
مُسْتَخْف	musotaxof	1	Noun
مُّسْتَخْلَفِين	m~usotaxolafiyn	1	Noun
مُسْتَسْلِمُون	musotasolimuwn	1	Noun
مُّسْتَضْعَفُون	m~usotaDoEafuwn	1	Adjective
مُّسْتَطَر	m~usotaTar	1	Noun
مُسْتَطِير	musotaTiyr	1	Noun
مُسْتَغْفِرِين	musotagofiriyn	1	Noun
مُّسْتَقْبِل	m~usotaqobil	1	Noun
مُسْتَقْدِمِين	musotaqodimiyn	1	Noun
مُسْتَمْسِكُون	musotamosikuwn	1	Noun
مُّسْتَنفِرَة	m~usotanfirap	1	Adjective
مَّسْتُور	m~asotuwr	1	Noun
مُسْتَيْقِنِين	musotayoqiniyn	1	Noun
مُسْتَـْٔخِرِين	musota_#oxiriyn	1	Noun
مُسْتَـْٔنِسِين	musota_#onisiyn	1	Noun
مَسْجُور	masojuwr	1	Noun
مَسْجُونِين	masojuwniyn	1	Noun
مَسْح	masoH	1	Noun
مُسَخَّر	musax~ar	1	Adjective
مَّسَد	m~asad	1	Noun
مَسْغَبَة	masogabap	1	Noun
مُّسْفِرَة	m~usofirap	1	Noun
مَّسْفُوح	m~asofuwH	1	Adjective
مِسْك	misok	1	Noun
مَّسْكُوب	m~asokuwb	1	Noun
مَسْكُونَة	masokuwnap	1	Noun
مِسْكِين	misokiyn	1	Adjective
مُسْلِم	musolim	1	Adjective
مُسْلِمَٰت	musolima`t	1	Noun
مُسْلِمَٰت	musolima`t	1	Adjective
مُّسْلِمَة	m~usolimap	1	Adjective
مُسْمَع	musomaE	1	Noun
مُسْمِع	musomiE	1	Noun
مُّسَنَّدَة	m~usan~adap	1	Adjective
مُّسْوَدَّة	m~usowad~ap	1	Adjective
مُسَوِّمِين	musaw~imiyn	1	Noun
مُّسَوَّمَة	m~usaw~amap	1	Adjective
مُسِىٓء	musiY^'	1	Noun
مَّشَّآء	m~a$~aA^'	1	Adjective
مُشْتَبِه	mu$otabih	1	Noun
مَشْعَر	ma$oEar	1	Noun
مِشْكَوٰة	mi$okaw`p	1	Noun
مَّشْهَد	m~a$ohad	1	Noun
مَشْي	ma$oy	1	Noun
مَّشِيد	m~a$iyd	1	Noun
مُّشَيَّدَة	m~u$ay~adap	1	Noun
مَصَانِع	maSaAniE	1	Noun
مُصَّدِّقَٰت	muS~ad~iqa`t	1	Noun
مُصَّدِّقِين	muS~ad~iqiyn	1	Noun
مِصْر	miSor	1	Noun
مَصْرِف	maSorif	1	Noun
مَصْرُوف	maSoruwf	1	Noun
مُصْطَفَيْن	muSoTafayon	1	Noun
مَصْفُوفَة	maSofuwfap	1	Noun
مَصْفُوفَة	maSofuwfap	1	Adjective
مُّصَفًّى	m~uSaf~FY	1	Noun
مُصَلًّى	muSal~FY	1	Noun
مُصَوِّر	muSaw~ir	1	Adjective
مُصِيب	muSiyb	1	Noun
مُضَآرّ	muDaA^r~	1	Noun
مُّضَٰعَفَة	m~uDa`Eafap	1	Adjective
مُضْطَرّ	muDoTar~	1	Noun
مُضْعِفُون	muDoEifuwn	1	Noun
مُضِيّ	muDiy~	1	Noun
مُّطَاع	m~uTaAE	1	Adjective
مُطَفِّفِين	muTaf~ifiyn	1	Noun
مَطْلَع	maTolaE	1	Noun
مَطْلِع	maToliE	1	Noun
مُّطَّلِعُون	m~uT~aliEuwn	1	Noun
مَطْلُوب	maToluwb	1	Noun
مُّطْمَئِنَّة	m~uToma}in~ap	1	Noun
مُّطْمَئِنَّة	m~uToma}in~ap	1	Adjective
مُطَهِّر	muTah~ir	1	Noun
مُطَهَّرُون	muTah~aruwn	1	Noun
مُطَّهِّرِين	muT~ah~iriyn	1	Noun
مُطَّوِّعِين	muT~aw~iEiyn	1	Noun
مَطْوِيَّٰت	maTowiy~a`t	1	Noun
مَظْلُوم	maZoluwm	1	Noun
مَعَاد	maEaAd	1	Noun
مَعَاذِير	maEaA*iyr	1	Noun
مَعَاش	maEaA$	1	Noun
مُعْتَبِين	muEotabiyn	1	Noun
مُعْتَد	muEotad	1	Adjective
مُعْتَرّ	muEotar~	1	Noun
مَّعْدُود	m~aEoduwd	1	Noun
مَّعْدُودَة	m~aEoduwdap	1	Noun
مُعَذِّرُون	muEa*~iruwn	1	Noun
مَّعْرُوشَٰت	m~aEoruw$a`t	1	Adjective
مَّعْرُوشَٰت	m~aEoruw$a`t	1	Noun
مَّعْرُوفَة	m~aEoruwfap	1	Noun
مَّعَرَّة	m~aEar~ap	1	Noun
مَعْز	maEoz	1	Noun
مَعْزِل	maEozil	1	Noun
مَعْزُولُون	maEozuwluwn	1	Noun
مِعْشَار	miEo$aAr	1	Noun
مُعْصِرَٰت	muEoSira`t	1	Noun
مُّعَطَّلَة	m~uEaT~alap	1	Noun
مُعَقِّب	muEaq~ib	1	Noun
مُعَقِّبَٰت	muEaq~iba`t	1	Noun
مَعْكُوف	maEokuwf	1	Noun
مُعَلَّقَة	muEal~aqap	1	Noun
مُعَلَّم	muEal~am	1	Noun
مُّعَمَّر	m~uEam~ar	1	Noun
مَعْمُور	maEomuwr	1	Noun
مُعَوِّقِين	muEaw~iqiyn	1	Noun
مَّعِين	m~aEiyn	1	Adjective
مَغَٰرَٰت	maga`ra`t	1	Noun
مُغَٰضِب	muga`Dib	1	Noun
مُغْتَسَل	mugotasal	1	Noun
مُغْرَمُون	mugoramuwn	1	Noun
مَغْشِىّ	mago$iY~	1	Noun
مَغْضُوب	magoDuwb	1	Noun
مَغْلُوب	magoluwb	1	Noun
مُغَيِّر	mugay~ir	1	Noun
مُغِيرَٰت	mugiyra`t	1	Noun
مَفَاز	mafaAz	1	Noun
مُّفَتَّحَة	m~ufat~aHap	1	Noun
مُفْتَر	mufotar	1	Noun
مُفْتَرَيَٰت	mufotaraya`t	1	Noun
مَفْتُون	mafotuwn	1	Noun
مَفَرّ	mafar~	1	Noun
مُّفْرَطُون	m~uforaTuwn	1	Noun
مُفَصَّل	mufaS~al	1	Noun
مُّفَصَّلَٰت	m~ufaS~ala`t	1	Adjective
مَقَابِر	maqaAbir	1	Noun
مَّقَٰمِع	m~aqa`miE	1	Noun
مُقَامَة	muqaAmap	1	Noun
مَقْبُوحِين	maqobuwHiyn	1	Noun
مَّقْبُوضَة	m~aqobuwDap	1	Adjective
مُّقْتَحِم	m~uqotaHim	1	Noun
مُّقْتَدُون	m~uqotaduwn	1	Noun
مُقْتِر	muqotir	1	Noun
مُّقْتَرِفُون	m~uqotarifuwn	1	Noun
مُقْتَرِنِين	muqotariniyn	1	Noun
مُقْتَسِمِين	muqotasimiyn	1	Noun
مُّقْتَصِدَة	m~uqotaSidap	1	Adjective
مُقَدَّسَة	muqad~asap	1	Adjective
مَّقْدُور	m~aqoduwr	1	Noun
مُقَرَّبُون	muqar~abuwn	1	Adjective
مَقْرَبَة	maqorabap	1	Noun
مُقْرِنِين	muqoriniyn	1	Noun
مُّقَرَّنِين	m~uqar~aniyn	1	Adjective
مُقَسِّمَٰت	muqas~ima`t	1	Noun
مَّقْسُوم	m~aqosuwm	1	Noun
مُقَصِّرِين	muqaS~iriyn	1	Noun
مَّقْصُورَٰت	m~aqoSuwra`t	1	Noun
مَقْطُوع	maqoTuwE	1	Noun
مَقْطُوعَة	maqoTuwEap	1	Noun
مُّقْمَحُون	m~uqomaHuwn	1	Noun
مُقَنطَرَة	muqanTarap	1	Adjective
مُقْنِعِى	muqoniEiY	1	Noun
مُقْوِين	muqowiyn	1	Noun
مُّقِيت	m~uqiyt	1	Noun
مَقِيل	maqiyl	1	Noun
مُكَآء	mukaA^'	1	Noun
مُكِبّ	mukib~	1	Noun
مَكْتُوب	makotuwb	1	Noun
مُكْث	mukov	1	Noun
مَكْذُوب	mako*uwb	1	Noun
مُّكْرِم	m~ukorim	1	Noun
مُّكْرَمُون	m~ukoramuwn	1	Adjective
مُّكَرَّمَة	m~ukar~amap	1	Adjective
مَكْرُوه	makoruwh	1	Noun
مَكْظُوم	makoZuwm	1	Noun
مُكَلِّبِين	mukal~ibiyn	1	Noun
مَّكْنُون	m~akonuwn	1	Adjective
مَكِيدُون	makiyduwn	1	Noun
مَّكِين	m~akiyn	1	Noun
مَكَّة	mak~ap	1	Proper noun
مُلَٰق	mula`q	1	Noun
مَّلْعُونِين	m~aloEuwniyn	1	Noun
مَلْعُونَة	maloEuwnap	1	Noun
مُلْقِيَٰت	muloqiya`t	1	Noun
مَلْك	malok	1	Noun
مَلِيّ	maliy~	1	Noun
مَلِيك	maliyk	1	Noun
مِّلْء	m~ilo'	1	Noun
مُمِدّ	mumid~	1	Noun
مُّمَدَّدَة	m~umad~adap	1	Adjective
مُّمَرَّد	m~umar~ad	1	Noun
مُمْسِك	mumosik	1	Noun
مُمْسِكَٰت	mumosika`t	1	Noun
مُّمْطِر	m~umoTir	1	Noun
مَّمْلُوك	m~amoluwk	1	Noun
مَمْنُوعَة	mamonuwEap	1	Noun
مُنَاد	munaAd	1	Noun
مُنَادِي	munaAdiy	1	Noun
مَنَاص	manaAS	1	Noun
مَنَاكِب	manaAkib	1	Noun
مُّنبَثّ	m~unbav~	1	Adjective
مُّنتَشِر	m~unta$ir	1	Adjective
مُّنتَهُون	m~untahuwn	1	Noun
مَّنثُور	m~anvuwr	1	Noun
مَّنثُور	m~anvuwr	1	Adjective
مُنْخَنِقَة	munoxaniqap	1	Noun
مُنَزِّل	munaz~il	1	Noun
مُنَزَّل	munaz~al	1	Noun
مِنسَأَت	minsa>at	1	Noun
مَّنسِيّ	m~ansiy~	1	Noun
مُنشَرِين	mun$ariyn	1	Noun
مُّنَشَّرَة	m~una$~arap	1	Adjective
مُنشَـَٔات	mun$a_#aAt	1	Adjective
مُنشِـُٔون	mun$i_#uwn	1	Noun
مَّنضُود	m~anDuwd	1	Noun
مَّنضُود	m~anDuwd	1	Adjective
مَنطِق	manTiq	1	Noun
مُنفَطِر	munfaTir	1	Noun
مُنفِقِين	munfiqiyn	1	Noun
مُنفَكِّين	munfak~iyn	1	Noun
مَنفُوش	manfuw$	1	Adjective
مُّنقَعِر	m~unqaEir	1	Noun
مَنقُوص	manquwS	1	Noun
مُّنكِرَة	m~unkirap	1	Noun
مِنْهَاج	minohaAj	1	Noun
مُّنْهَمِر	m~unohamir	1	Noun
مَنَوٰة	manaw`p	1	Proper noun
مَنُوع	manuwE	1	Noun
مَنُون	manuwn	1	Noun
مَّنِىّ	m~aniY~	1	Noun
مُّنِيب	m~uniyb	1	Adjective
مُّنِير	m~uniyr	1	Adjective
مُهَاجِر	muhaAjir	1	Adjective
مُهَٰجِرَٰت	muha`jira`t	1	Noun
مُهَان	muhaAn	1	Noun
مُهْتَدِى	muhotadiY	1	Noun
مَهْجُور	mahojuwr	1	Noun
مَهْزُوم	mahozuwm	1	Noun
مُهْلِكِى	muholikiY	1	Noun
مُهْلَكِين	muholakiyn	1	Noun
مَهْمَا	mahomaA	1	Conditional particle
مَّهِيل	m~ahiyl	1	Adjective
مُهَيْمِن	muhayomin	1	Noun
مُهَيْمِن	muhayomin	1	Adjective
مَّهِين	m~ahiyn	1	Noun
مَوَاطِن	mawaATin	1	Noun
مَوَٰقِع	mawa`qiE	1	Noun
مُّوَاقِعُو	m~uwaAqiEuw	1	Noun
مَوَٰلِي	mawa`liy	1	Noun
مَّوْبِق	m~awobiq	1	Noun
مُؤْتُون	mu&otuwn	1	Noun
مُّؤَجَّل	m~u&aj~al	1	Adjective
مَوْر	mawor	1	Noun
مَوْرُود	maworuwd	1	Noun
مُورِيَٰت	muwriya`t	1	Noun
مَّوْزُون	m~awozuwn	1	Noun
مُّوص	m~uwS	1	Noun
مُّؤْصَدَة	m~u&oSadap	1	Adjective
مُّؤْصَدَة	m~u&oSadap	1	Noun
مَّوْضُوعَة	m~awoDuwEap	1	Adjective
مَّوْضُونَة	m~awoDuwnap	1	Adjective
مَوْطِئ	mawoTi}	1	Noun
مَّوْعِدَة	m~awoEidap	1	Noun
مَوْعُود	mawoEuwd	1	Adjective
مُوَفُّو	muwaf~uw	1	Noun
مَّوْفُور	m~awofuwr	1	Noun
مُوفُون	muwfuwn	1	Noun
مُوقَدَة	muwqadap	1	Adjective
مَّوْقُوت	m~awoquwt	1	Adjective
مَوْقُوذَة	mawoquw*ap	1	Noun
مَوْقُوفُون	mawoquwfuwn	1	Noun
مُؤَلَّفَة	mu&al~afap	1	Noun
مُوَلِّي	muwal~iy	1	Noun
مُوهِن	muwhin	1	Noun
مَوْئِل	mawo}il	1	Noun
مَوْءُدَة	mawo'udap	1	Noun
مَّيْت	m~ayot	1	Noun
مَيْتَة	mayotap	1	Adjective
مَيْسَرَة	mayosarap	1	Noun
مَّيْسُور	m~ayosuwr	1	Noun
مِيكَىٰل	miykaY`l	1	Proper noun
مَّيْلَة	m~ayolap	1	Noun
مَـَٔارِب	ma_#aArib	1	Noun
نَاج	naAj	1	Noun
نَّٰزِعَٰت	n~a`ziEa`t	1	Noun
نَاسِكُو	naAsikuw	1	Noun
نَّٰشِرَٰت	n~a`$ira`t	1	Noun
نَّٰشِطَٰت	n~a`$iTa`t	1	Noun
نَاشِئَة	naA$i}ap	1	Noun
نَّاصِبَة	n~aASibap	1	Adjective
نَّاضِرَة	n~aADirap	1	Noun
نَّاعِمَة	n~aAEimap	1	Noun
نَّاقُور	n~aAquwr	1	Noun
نَٰكِبُون	na`kibuwn	1	Noun
نَاكِسُوا	naAkisuwA	1	Noun
نَّاهُون	n~aAhuwn	1	Noun
نَّجْدَيْن	n~ajodayon	1	Noun
نَجَس	najas	1	Noun
نَّجَوٰة	n~ajaw`p	1	Noun
نُحَاس	nuHaAs	1	Noun
نَحْب	naHob	1	Noun
نَحْس	naHos	1	Noun
نَّحِسَات	n~aHisaAt	1	Adjective
نَّحْل	n~aHol	1	Noun
نِحْلَة	niHolap	1	Noun
نَّخِرَة	n~axirap	1	Adjective
نَدِيّ	nadiy~	1	Noun
نُذْر	nu*or	1	Noun
نُذُور	nu*uwr	1	Noun
نَزَّاعَة	naz~aAEap	1	Noun
نَزْلَة	nazolap	1	Noun
نُسْخَت	nusoxat	1	Noun
نَسْر	nasor	1	Proper noun
نَسْي	nasoy	1	Noun
نَسِيّ	nasiy~	1	Noun
نَّسِىٓء	n~asiY^'	1	Noun
نَشْر	na$or	1	Noun
نَشْط	na$oT	1	Noun
نُصْب	nuSob	1	Noun
نُصْح	nuSoH	1	Noun
نِصْف	niSof	1	Time adverb
نَّصُوح	n~aSuwH	1	Adjective
نَصِير	naSiyr	1	Adjective
نَضَّاخَتَان	naD~aAxataAn	1	Adjective
نَّضِيد	n~aDiyd	1	Adjective
نَّطِيحَة	n~aTiyHap	1	Noun
نَظَر	naZar	1	Noun
نَظِرَة	naZirap	1	Noun
نَظْرَة	naZorap	1	Noun
نَعْلَي	naEolay	1	Noun
نَعْمَآء	naEomaA^'	1	Noun
نَّفَّٰثَٰت	n~af~a`va`t	1	Noun
نَّفَاد	n~afaAd	1	Noun
نَفْحَة	nafoHap	1	Noun
نَفْخَة	nafoxap	1	Noun
نَفَق	nafaq	1	Noun
نَفَقَٰت	nafaqa`t	1	Noun
نَفِير	nafiyr	1	Noun
نَقْب	naqob	1	Noun
نَقْع	naqoE	1	Noun
نَقِيب	naqiyb	1	Noun
نَكِد	nakid	1	Noun
نُّكُر	n~ukur	1	Adjective
نَّكِير	n~akiyr	1	Noun
نَمَارِق	namaAriq	1	Noun
نَمْلَة	namolap	1	Noun
نَمِيم	namiym	1	Noun
نَهَار	nahaAr	1	Time adverb
نَّوَٰصِى	n~awa`SiY	1	Noun
نُّون	n~uwn	1	Noun
نَّوَىٰ	n~awaY`	1	Noun
نَّيْل	n~ayol	1	Noun
هَآؤُم	haA^&um	1	Imperative verbal noun
هَٰتَيْن	ha`tayon	1	Demonstrative pronoun
هَٰدِى	ha`diY	1	Noun
هَٰذَا	ha`*aA	1	Relative pronoun
هَار	haAr	1	Noun
هَٰرُوت	ha`ruwt	1	Proper noun
هَٰكَذَا	ha`ka*aA	1	Demonstrative pronoun
هَامِدَة	haAmidap	1	Noun
هَاوِيَة	haAwiyap	1	Noun
هَجْر	hajor	1	Noun
هَدّ	had~	1	Noun
هُدْهُد	hudohud	1	Noun
هَرَب	harab	1	Noun
هَزْل	hazol	1	Noun
هَضْم	haDom	1	Noun
هَضِيم	haDiym	1	Adjective
هَلُوع	haluwE	1	Noun
هَمَّاز	ham~aAz	1	Adjective
هَمَزَٰت	hamaza`t	1	Noun
هُمَزَة	humazap	1	Noun
هَمْس	hamos	1	Noun
هُنَالِك	hunaAlik	1	Location adverb
هُون	huwn	1	Adjective
هَوْن	hawon	1	Noun
هِيم	hiym	1	Noun
وَاجِفَة	waAjifap	1	Adjective
وَادِي	waAdiy	1	Noun
وَٰسِعَة	wa`siEap	1	Adjective
وَٰعِظِين	wa`EiZiyn	1	Noun
وَٰعِيَة	wa`Eiyap	1	Adjective
وَاقِع	waAqiE	1	Adjective
وَال	waAl	1	Noun
وَٰلِدَٰت	wa`lida`t	1	Noun
وَاهِيَة	waAhiyap	1	Noun
وَبِيل	wabiyl	1	Adjective
وَتْر	wator	1	Noun
وَتِين	watiyn	1	Noun
وُجْد	wujod	1	Noun
وَجِلُون	wajiluwn	1	Noun
وَجِلَة	wajilap	1	Adjective
وَجْه	wajoh	1	Time adverb
وِجْهَة	wijohap	1	Noun
وُحُوش	wuHuw$	1	Noun
وَحِيد	waHiyd	1	Noun
وَدّ	wad~	1	Proper noun
وُدّ	wud~	1	Noun
وَدُود	waduwd	1	Adjective
وَدُود	waduwd	1	Noun
وَرْدَة	warodap	1	Noun
وَرِق	wariq	1	Noun
وَرَقَة	waraqap	1	Noun
وَرِيد	wariyd	1	Noun
وَزَر	wazar	1	Noun
وَسَط	wasaT	1	Adjective
وُسْطَىٰ	wusoTaY`	1	Adjective
وَسْوَاس	wasowaAs	1	Noun
وَصْف	waSof	1	Noun
وَصِيد	waSiyd	1	Noun
وَصِيلَة	waSiylap	1	Noun
وَطْـٔ	waTo_#	1	Noun
وِفَاق	wifaAq	1	Adjective
وَفْد	wafod	1	Noun
وَقَار	waqaAr	1	Noun
وِقْر	wiqor	1	Noun
وَقْعَت	waqoEat	1	Noun
وَلِيجَة	waliyjap	1	Noun
وَهَّاب	wah~aAb	1	Adjective
وَهَّاج	wah~aAj	1	Adjective
يَابِس	yaAbis	1	Noun
يَاقُوت	yaAquwt	1	Noun
يَبَس	yabas	1	Adjective
يَثْرِب	yavorib	1	Proper noun
يَحْمُوم	yaHomuwm	1	Noun
يَعُوق	yaEuwq	1	Proper noun
يَغُوث	yaguwv	1	Proper noun
يَقْطِين	yaqoTiyn	1	Noun
يَنْع	yanoE	1	Noun
ءَاسِن	'aAsin	1	Noun
ءَافِلِين	'aAfiliyn	1	Noun
ءَامِرُون	'aAmiruwn	1	Noun
ءَامِنَة	'aAminap	1	Noun
ءَان	'aAn	1	Noun
ءَانَآء	'aAnaA^'	1	Time adverb
ءَانِف	'aAnif	1	Noun
ءَانِيَة	'aAniyap	1	Noun
ءَانِيَة	'aAniyap	1	Adjective
